fecha,casos_acumulados,estimado,tipo,modelo,fecha_estimacion
2020-02-19,42,CoronaMex,centinela,real,2020-06-20
2020-02-20,46,CoronaMex,centinela,real,2020-06-20
2020-02-21,50,CoronaMex,centinela,real,2020-06-20
2020-02-22,54,CoronaMex,centinela,real,2020-06-20
2020-02-23,58,CoronaMex,centinela,real,2020-06-20
2020-02-24,62,CoronaMex,centinela,real,2020-06-20
2020-02-25,70,CoronaMex,centinela,real,2020-06-20
2020-02-26,83,CoronaMex,centinela,real,2020-06-20
2020-02-27,111,CoronaMex,centinela,real,2020-06-20
2020-02-28,154,CoronaMex,centinela,real,2020-06-20
2020-02-29,210,CoronaMex,centinela,real,2020-06-20
2020-03-01,284,CoronaMex,centinela,real,2020-06-20
2020-03-02,362,CoronaMex,centinela,real,2020-06-20
2020-03-03,450,CoronaMex,centinela,real,2020-06-20
2020-03-04,576,CoronaMex,centinela,real,2020-06-20
2020-03-05,722,CoronaMex,centinela,real,2020-06-20
2020-03-06,957,CoronaMex,centinela,real,2020-06-20
2020-03-07,1267,CoronaMex,centinela,real,2020-06-20
2020-03-08,1643,CoronaMex,centinela,real,2020-06-20
2020-03-09,2118,CoronaMex,centinela,real,2020-06-20
2020-03-10,2725,CoronaMex,centinela,real,2020-06-20
2020-03-11,3438,CoronaMex,centinela,real,2020-06-20
2020-03-12,4262,CoronaMex,centinela,real,2020-06-20
2020-03-13,5148,CoronaMex,centinela,real,2020-06-20
2020-03-14,6071,CoronaMex,centinela,real,2020-06-20
2020-03-15,7068,CoronaMex,centinela,real,2020-06-20
2020-03-16,8112,CoronaMex,centinela,real,2020-06-20
2020-03-17,9226,CoronaMex,centinela,real,2020-06-20
2020-03-18,10339,CoronaMex,centinela,real,2020-06-20
2020-03-19,11483,CoronaMex,centinela,real,2020-06-20
2020-03-20,12779,CoronaMex,centinela,real,2020-06-20
2020-03-21,14156,CoronaMex,centinela,real,2020-06-20
2020-03-22,15655,CoronaMex,centinela,real,2020-06-20
2020-03-23,17420,CoronaMex,centinela,real,2020-06-20
2020-03-24,19333,CoronaMex,centinela,real,2020-06-20
2020-03-25,21496,CoronaMex,centinela,real,2020-06-20
2020-03-26,23893,CoronaMex,centinela,real,2020-06-20
2020-03-27,26559,CoronaMex,centinela,real,2020-06-20
2020-03-28,29507,CoronaMex,centinela,real,2020-06-20
2020-03-29,32843,CoronaMex,centinela,real,2020-06-20
2020-03-30,36384,CoronaMex,centinela,real,2020-06-20
2020-03-31,40262,CoronaMex,centinela,real,2020-06-20
2020-04-01,44386,CoronaMex,centinela,real,2020-06-20
2020-04-02,48735,CoronaMex,centinela,real,2020-06-20
2020-04-03,53489,CoronaMex,centinela,real,2020-06-20
2020-04-04,58482,CoronaMex,centinela,real,2020-06-20
2020-04-05,63810,CoronaMex,centinela,real,2020-06-20
2020-04-06,69420,CoronaMex,centinela,real,2020-06-20
2020-04-07,75839,CoronaMex,centinela,real,2020-06-20
2020-04-08,82594,CoronaMex,centinela,real,2020-06-20
2020-04-09,89783,CoronaMex,centinela,real,2020-06-20
2020-04-10,97348,CoronaMex,centinela,real,2020-06-20
2020-04-11,105458,CoronaMex,centinela,real,2020-06-20
2020-04-12,114215,CoronaMex,centinela,real,2020-06-20
2020-04-13,123575,CoronaMex,centinela,real,2020-06-20
2020-04-14,133070,CoronaMex,centinela,real,2020-06-20
2020-04-15,143461,CoronaMex,centinela,real,2020-06-20
2020-04-16,154516,CoronaMex,centinela,real,2020-06-20
2020-04-17,166688,CoronaMex,centinela,real,2020-06-20
2020-04-18,179297,CoronaMex,centinela,real,2020-06-20
2020-04-19,191898,CoronaMex,centinela,real,2020-06-20
2020-04-20,204917,CoronaMex,centinela,real,2020-06-20
2020-04-21,218256,CoronaMex,centinela,real,2020-06-20
2020-04-22,231792,CoronaMex,centinela,real,2020-06-20
2020-04-23,245506,CoronaMex,centinela,real,2020-06-20
2020-04-24,259182,CoronaMex,centinela,real,2020-06-20
2020-04-25,273303,CoronaMex,centinela,real,2020-06-20
2020-04-26,287506,CoronaMex,centinela,real,2020-06-20
2020-04-27,302259,CoronaMex,centinela,real,2020-06-20
2020-04-28,318211,CoronaMex,centinela,real,2020-06-20
2020-04-29,334229,CoronaMex,centinela,real,2020-06-20
2020-04-30,350428,CoronaMex,centinela,real,2020-06-20
2020-05-01,366904,CoronaMex,centinela,real,2020-06-20
2020-05-02,384075,CoronaMex,centinela,real,2020-06-20
2020-05-03,402239,CoronaMex,centinela,real,2020-06-20
2020-05-04,420881,CoronaMex,centinela,real,2020-06-20
2020-05-05,439759,CoronaMex,centinela,real,2020-06-20
2020-05-06,459418,CoronaMex,centinela,real,2020-06-20
2020-05-07,481069,CoronaMex,centinela,real,2020-06-20
2020-05-08,503600,CoronaMex,centinela,real,2020-06-20
2020-05-09,526232,CoronaMex,centinela,real,2020-06-20
2020-05-10,549148,CoronaMex,centinela,real,2020-06-20
2020-05-11,572164,CoronaMex,centinela,real,2020-06-20
2020-05-12,596412,CoronaMex,centinela,real,2020-06-20
2020-05-13,621275,CoronaMex,centinela,real,2020-06-20
2020-05-14,645394,CoronaMex,centinela,real,2020-06-20
2020-05-15,670320,CoronaMex,centinela,real,2020-06-20
2020-05-16,696175,CoronaMex,centinela,real,2020-06-20
2020-05-17,723952,CoronaMex,centinela,real,2020-06-20
2020-05-18,752227,CoronaMex,centinela,real,2020-06-20
2020-05-19,780321,CoronaMex,centinela,real,2020-06-20
2020-05-20,809085,CoronaMex,centinela,real,2020-06-20
2020-05-21,838625,CoronaMex,centinela,real,2020-06-20
2020-05-22,869465,CoronaMex,centinela,real,2020-06-20
2020-05-23,901075,CoronaMex,centinela,real,2020-06-20
2020-05-24,932241,CoronaMex,centinela,real,2020-06-20
2020-05-25,964194,CoronaMex,centinela,real,2020-06-20
2020-05-26,996389,CoronaMex,centinela,real,2020-06-20
2020-05-27,1029046,CoronaMex,centinela,real,2020-06-20
2020-05-28,1061717,CoronaMex,centinela,real,2020-06-20
2020-05-29,1096136,CoronaMex,centinela,real,2020-06-20
2020-05-30,1130788,CoronaMex,centinela,real,2020-06-20
2020-05-31,1165165,CoronaMex,centinela,real,2020-06-20
2020-06-01,1200104,CoronaMex,centinela,real,2020-06-20
2020-06-02,1235745,CoronaMex,centinela,real,2020-06-20
2020-06-03,1271884,CoronaMex,centinela,real,2020-06-20
2020-06-04,1308560,CoronaMex,centinela,real,2020-06-20
2020-06-05,1343160,CoronaMex,centinela,real,2020-06-20
2020-06-06,1377167,CoronaMex,centinela,real,2020-06-20
2020-06-07,1412438,CoronaMex,centinela,real,2020-06-20
2020-06-08,1446853,CoronaMex,centinela,real,2020-06-20
2020-06-09,1479973,CoronaMex,centinela,real,2020-06-20
2020-06-10,1511524,CoronaMex,centinela,real,2020-06-20
2020-06-11,1541199,CoronaMex,centinela,real,2020-06-20
2020-06-12,1568662,CoronaMex,centinela,real,2020-06-20
2020-06-13,1593996,CoronaMex,centinela,real,2020-06-20
2020-06-14,1615329,CoronaMex,centinela,real,2020-06-20
2020-06-15,1633338,CoronaMex,centinela,real,2020-06-20
2020-06-16,1647021,CoronaMex,centinela,real,2020-06-20
2020-06-17,1652857,CoronaMex,centinela,real,2020-06-20
2020-02-17,83,SSA,centinela,real,2020-06-20
2020-02-18,83,SSA,centinela,real,2020-06-20
2020-02-19,83,SSA,centinela,real,2020-06-20
2020-02-20,83,SSA,centinela,real,2020-06-20
2020-02-21,83,SSA,centinela,real,2020-06-20
2020-02-22,100,SSA,centinela,real,2020-06-20
2020-02-23,100,SSA,centinela,real,2020-06-20
2020-02-24,95,SSA,centinela,real,2020-06-20
2020-02-25,95,SSA,centinela,real,2020-06-20
2020-02-26,95,SSA,centinela,real,2020-06-20
2020-02-27,95,SSA,centinela,real,2020-06-20
2020-02-28,111,SSA,centinela,real,2020-06-20
2020-02-29,142,SSA,centinela,real,2020-06-20
2020-03-01,222,SSA,centinela,real,2020-06-20
2020-03-02,357,SSA,centinela,real,2020-06-20
2020-03-03,420,SSA,centinela,real,2020-06-20
2020-03-04,504,SSA,centinela,real,2020-06-20
2020-03-05,546,SSA,centinela,real,2020-06-20
2020-03-06,630,SSA,centinela,real,2020-06-20
2020-03-07,861,SSA,centinela,real,2020-06-20
2020-03-08,1093,SSA,centinela,real,2020-06-20
2020-03-09,1662,SSA,centinela,real,2020-06-20
2020-03-10,2180,SSA,centinela,real,2020-06-20
2020-03-11,2676,SSA,centinela,real,2020-06-20
2020-03-12,3281,SSA,centinela,real,2020-06-20
2020-03-13,4101,SSA,centinela,real,2020-06-20
2020-03-14,4943,SSA,centinela,real,2020-06-20
2020-03-15,5742,SSA,centinela,real,2020-06-20
2020-03-16,6776,SSA,centinela,real,2020-06-20
2020-03-17,7654,SSA,centinela,real,2020-06-20
2020-03-18,8794,SSA,centinela,real,2020-06-20
2020-03-19,9781,SSA,centinela,real,2020-06-20
2020-03-20,11207,SSA,centinela,real,2020-06-20
2020-03-21,12216,SSA,centinela,real,2020-06-20
2020-03-22,13225,SSA,centinela,real,2020-06-20
2020-03-23,14631,SSA,centinela,real,2020-06-20
2020-03-24,15927,SSA,centinela,real,2020-06-20
2020-03-25,17944,SSA,centinela,real,2020-06-20
2020-03-26,20496,SSA,centinela,real,2020-06-20
2020-03-27,23027,SSA,centinela,real,2020-06-20
2020-03-28,25867,SSA,centinela,real,2020-06-20
2020-03-29,28707,SSA,centinela,real,2020-06-20
2020-03-30,34119,SSA,centinela,real,2020-06-20
2020-03-31,37499,SSA,centinela,real,2020-06-20
2020-04-01,42200,SSA,centinela,real,2020-06-20
2020-04-02,46944,SSA,centinela,real,2020-06-20
2020-04-03,52317,SSA,centinela,real,2020-06-20
2020-04-04,56823,SSA,centinela,real,2020-06-20
2020-04-05,61329,SSA,centinela,real,2020-06-20
2020-04-06,65136,SSA,centinela,real,2020-06-20
2020-04-07,69720,SSA,centinela,real,2020-06-20
2020-04-08,76075,SSA,centinela,real,2020-06-20
2020-04-09,81743,SSA,centinela,real,2020-06-20
2020-04-10,91078,SSA,centinela,real,2020-06-20
2020-04-11,97642,SSA,centinela,real,2020-06-20
2020-04-12,104560,SSA,centinela,real,2020-06-20
2020-02-19,42,CoronaMex,simulacion,m1,2020-06-20
2020-02-20,44,CoronaMex,simulacion,m1,2020-06-20
2020-02-21,53,CoronaMex,simulacion,m1,2020-06-20
2020-02-22,64,CoronaMex,simulacion,m1,2020-06-20
2020-02-23,80,CoronaMex,simulacion,m1,2020-06-20
2020-02-24,99,CoronaMex,simulacion,m1,2020-06-20
2020-02-25,122,CoronaMex,simulacion,m1,2020-06-20
2020-02-26,150,CoronaMex,simulacion,m1,2020-06-20
2020-02-27,184,CoronaMex,simulacion,m1,2020-06-20
2020-02-28,225,CoronaMex,simulacion,m1,2020-06-20
2020-02-29,274,CoronaMex,simulacion,m1,2020-06-20
2020-03-01,333,CoronaMex,simulacion,m1,2020-06-20
2020-03-02,403,CoronaMex,simulacion,m1,2020-06-20
2020-03-03,488,CoronaMex,simulacion,m1,2020-06-20
2020-03-04,590,CoronaMex,simulacion,m1,2020-06-20
2020-03-05,713,CoronaMex,simulacion,m1,2020-06-20
2020-03-06,861,CoronaMex,simulacion,m1,2020-06-20
2020-03-07,1038,CoronaMex,simulacion,m1,2020-06-20
2020-03-08,1251,CoronaMex,simulacion,m1,2020-06-20
2020-03-09,1506,CoronaMex,simulacion,m1,2020-06-20
2020-03-10,1814,CoronaMex,simulacion,m1,2020-06-20
2020-03-11,2183,CoronaMex,simulacion,m1,2020-06-20
2020-03-12,2626,CoronaMex,simulacion,m1,2020-06-20
2020-03-13,3158,CoronaMex,simulacion,m1,2020-06-20
2020-03-14,3753,CoronaMex,simulacion,m1,2020-06-20
2020-03-15,4386,CoronaMex,simulacion,m1,2020-06-20
2020-03-16,5045,CoronaMex,simulacion,m1,2020-06-20
2020-03-17,5740,CoronaMex,simulacion,m1,2020-06-20
2020-03-18,6484,CoronaMex,simulacion,m1,2020-06-20
2020-03-19,7288,CoronaMex,simulacion,m1,2020-06-20
2020-03-20,8156,CoronaMex,simulacion,m1,2020-06-20
2020-03-21,9095,CoronaMex,simulacion,m1,2020-06-20
2020-03-22,10112,CoronaMex,simulacion,m1,2020-06-20
2020-03-23,11214,CoronaMex,simulacion,m1,2020-06-20
2020-03-24,12408,CoronaMex,simulacion,m1,2020-06-20
2020-03-25,13702,CoronaMex,simulacion,m1,2020-06-20
2020-03-26,15105,CoronaMex,simulacion,m1,2020-06-20
2020-03-27,16623,CoronaMex,simulacion,m1,2020-06-20
2020-03-28,18270,CoronaMex,simulacion,m1,2020-06-20
2020-03-29,20123,CoronaMex,simulacion,m1,2020-06-20
2020-03-30,22310,CoronaMex,simulacion,m1,2020-06-20
2020-03-31,24924,CoronaMex,simulacion,m1,2020-06-20
2020-04-01,27982,CoronaMex,simulacion,m1,2020-06-20
2020-04-02,31489,CoronaMex,simulacion,m1,2020-06-20
2020-04-03,35545,CoronaMex,simulacion,m1,2020-06-20
2020-04-04,40226,CoronaMex,simulacion,m1,2020-06-20
2020-04-05,45617,CoronaMex,simulacion,m1,2020-06-20
2020-04-06,51821,CoronaMex,simulacion,m1,2020-06-20
2020-04-07,58961,CoronaMex,simulacion,m1,2020-06-20
2020-04-08,67169,CoronaMex,simulacion,m1,2020-06-20
2020-04-09,76618,CoronaMex,simulacion,m1,2020-06-20
2020-04-10,87493,CoronaMex,simulacion,m1,2020-06-20
2020-04-11,100007,CoronaMex,simulacion,m1,2020-06-20
2020-04-12,114422,CoronaMex,simulacion,m1,2020-06-20
2020-04-13,129229,CoronaMex,simulacion,m1,2020-06-20
2020-04-14,143154,CoronaMex,simulacion,m1,2020-06-20
2020-04-15,156476,CoronaMex,simulacion,m1,2020-06-20
2020-04-16,169450,CoronaMex,simulacion,m1,2020-06-20
2020-04-17,182222,CoronaMex,simulacion,m1,2020-06-20
2020-04-18,194890,CoronaMex,simulacion,m1,2020-06-20
2020-04-19,207516,CoronaMex,simulacion,m1,2020-06-20
2020-04-20,220136,CoronaMex,simulacion,m1,2020-06-20
2020-04-21,232776,CoronaMex,simulacion,m1,2020-06-20
2020-04-22,245449,CoronaMex,simulacion,m1,2020-06-20
2020-04-23,258167,CoronaMex,simulacion,m1,2020-06-20
2020-04-24,270935,CoronaMex,simulacion,m1,2020-06-20
2020-04-25,283757,CoronaMex,simulacion,m1,2020-06-20
2020-04-26,296636,CoronaMex,simulacion,m1,2020-06-20
2020-04-27,309584,CoronaMex,simulacion,m1,2020-06-20
2020-04-28,323092,CoronaMex,simulacion,m1,2020-06-20
2020-04-29,337495,CoronaMex,simulacion,m1,2020-06-20
2020-04-30,352681,CoronaMex,simulacion,m1,2020-06-20
2020-05-01,368583,CoronaMex,simulacion,m1,2020-06-20
2020-05-02,385176,CoronaMex,simulacion,m1,2020-06-20
2020-05-03,402454,CoronaMex,simulacion,m1,2020-06-20
2020-05-04,420423,CoronaMex,simulacion,m1,2020-06-20
2020-05-05,439096,CoronaMex,simulacion,m1,2020-06-20
2020-05-06,458491,CoronaMex,simulacion,m1,2020-06-20
2020-05-07,478632,CoronaMex,simulacion,m1,2020-06-20
2020-05-08,499543,CoronaMex,simulacion,m1,2020-06-20
2020-05-09,521251,CoronaMex,simulacion,m1,2020-06-20
2020-05-10,543782,CoronaMex,simulacion,m1,2020-06-20
2020-05-11,567168,CoronaMex,simulacion,m1,2020-06-20
2020-05-12,591412,CoronaMex,simulacion,m1,2020-06-20
2020-05-13,616292,CoronaMex,simulacion,m1,2020-06-20
2020-05-14,641580,CoronaMex,simulacion,m1,2020-06-20
2020-05-15,667342,CoronaMex,simulacion,m1,2020-06-20
2020-05-16,693676,CoronaMex,simulacion,m1,2020-06-20
2020-05-17,720613,CoronaMex,simulacion,m1,2020-06-20
2020-05-18,748187,CoronaMex,simulacion,m1,2020-06-20
2020-05-19,776428,CoronaMex,simulacion,m1,2020-06-20
2020-05-20,805362,CoronaMex,simulacion,m1,2020-06-20
2020-05-21,835007,CoronaMex,simulacion,m1,2020-06-20
2020-05-22,865385,CoronaMex,simulacion,m1,2020-06-20
2020-05-23,896514,CoronaMex,simulacion,m1,2020-06-20
2020-05-24,928413,CoronaMex,simulacion,m1,2020-06-20
2020-05-25,961101,CoronaMex,simulacion,m1,2020-06-20
2020-05-26,994596,CoronaMex,simulacion,m1,2020-06-20
2020-05-27,1028920,CoronaMex,simulacion,m1,2020-06-20
2020-05-28,1063143,CoronaMex,simulacion,m1,2020-06-20
2020-05-29,1096587,CoronaMex,simulacion,m1,2020-06-20
2020-05-30,1129508,CoronaMex,simulacion,m1,2020-06-20
2020-05-31,1162055,CoronaMex,simulacion,m1,2020-06-20
2020-06-01,1194320,CoronaMex,simulacion,m1,2020-06-20
2020-06-02,1226375,CoronaMex,simulacion,m1,2020-06-20
2020-06-03,1258256,CoronaMex,simulacion,m1,2020-06-20
2020-06-04,1289992,CoronaMex,simulacion,m1,2020-06-20
2020-06-05,1321599,CoronaMex,simulacion,m1,2020-06-20
2020-06-06,1353087,CoronaMex,simulacion,m1,2020-06-20
2020-06-07,1384462,CoronaMex,simulacion,m1,2020-06-20
2020-06-08,1415729,CoronaMex,simulacion,m1,2020-06-20
2020-06-09,1446889,CoronaMex,simulacion,m1,2020-06-20
2020-06-10,1477943,CoronaMex,simulacion,m1,2020-06-20
2020-06-11,1508893,CoronaMex,simulacion,m1,2020-06-20
2020-06-12,1539738,CoronaMex,simulacion,m1,2020-06-20
2020-06-13,1570479,CoronaMex,simulacion,m1,2020-06-20
2020-06-14,1601115,CoronaMex,simulacion,m1,2020-06-20
2020-06-15,1631647,CoronaMex,simulacion,m1,2020-06-20
2020-06-16,1662073,CoronaMex,simulacion,m1,2020-06-20
2020-06-17,1692394,CoronaMex,simulacion,m1,2020-06-20
2020-06-18,1722609,CoronaMex,simulacion,m1,2020-06-20
2020-06-19,1752718,CoronaMex,simulacion,m1,2020-06-20
2020-06-20,1782720,CoronaMex,simulacion,m1,2020-06-20
2020-02-19,42,CoronaMex,simulacion,m2,2020-06-20
2020-02-20,NA,CoronaMex,simulacion,m2,2020-06-20
2020-02-21,NA,CoronaMex,simulacion,m2,2020-06-20
2020-02-22,NA,CoronaMex,simulacion,m2,2020-06-20
2020-02-23,NA,CoronaMex,simulacion,m2,2020-06-20
2020-02-24,NA,CoronaMex,simulacion,m2,2020-06-20
2020-02-25,NA,CoronaMex,simulacion,m2,2020-06-20
2020-02-26,NA,CoronaMex,simulacion,m2,2020-06-20
2020-02-27,NA,CoronaMex,simulacion,m2,2020-06-20
2020-02-28,NA,CoronaMex,simulacion,m2,2020-06-20
2020-02-29,NA,CoronaMex,simulacion,m2,2020-06-20
2020-03-01,NA,CoronaMex,simulacion,m2,2020-06-20
2020-03-02,NA,CoronaMex,simulacion,m2,2020-06-20
2020-03-03,NA,CoronaMex,simulacion,m2,2020-06-20
2020-03-04,NA,CoronaMex,simulacion,m2,2020-06-20
2020-03-05,NA,CoronaMex,simulacion,m2,2020-06-20
2020-03-06,NA,CoronaMex,simulacion,m2,2020-06-20
2020-03-07,NA,CoronaMex,simulacion,m2,2020-06-20
2020-03-08,NA,CoronaMex,simulacion,m2,2020-06-20
2020-03-09,NA,CoronaMex,simulacion,m2,2020-06-20
2020-03-10,NA,CoronaMex,simulacion,m2,2020-06-20
2020-03-11,NA,CoronaMex,simulacion,m2,2020-06-20
2020-03-12,NA,CoronaMex,simulacion,m2,2020-06-20
2020-03-13,NA,CoronaMex,simulacion,m2,2020-06-20
2020-03-14,NA,CoronaMex,simulacion,m2,2020-06-20
2020-03-15,NA,CoronaMex,simulacion,m2,2020-06-20
2020-03-16,NA,CoronaMex,simulacion,m2,2020-06-20
2020-03-17,NA,CoronaMex,simulacion,m2,2020-06-20
2020-03-18,NA,CoronaMex,simulacion,m2,2020-06-20
2020-03-19,NA,CoronaMex,simulacion,m2,2020-06-20
2020-03-20,NA,CoronaMex,simulacion,m2,2020-06-20
2020-03-21,NA,CoronaMex,simulacion,m2,2020-06-20
2020-03-22,NA,CoronaMex,simulacion,m2,2020-06-20
2020-03-23,NA,CoronaMex,simulacion,m2,2020-06-20
2020-03-24,NA,CoronaMex,simulacion,m2,2020-06-20
2020-03-25,NA,CoronaMex,simulacion,m2,2020-06-20
2020-03-26,NA,CoronaMex,simulacion,m2,2020-06-20
2020-03-27,NA,CoronaMex,simulacion,m2,2020-06-20
2020-03-28,NA,CoronaMex,simulacion,m2,2020-06-20
2020-03-29,NA,CoronaMex,simulacion,m2,2020-06-20
2020-03-30,NA,CoronaMex,simulacion,m2,2020-06-20
2020-03-31,NA,CoronaMex,simulacion,m2,2020-06-20
2020-04-01,NA,CoronaMex,simulacion,m2,2020-06-20
2020-04-02,NA,CoronaMex,simulacion,m2,2020-06-20
2020-04-03,NA,CoronaMex,simulacion,m2,2020-06-20
2020-04-04,NA,CoronaMex,simulacion,m2,2020-06-20
2020-04-05,NA,CoronaMex,simulacion,m2,2020-06-20
2020-04-06,NA,CoronaMex,simulacion,m2,2020-06-20
2020-04-07,NA,CoronaMex,simulacion,m2,2020-06-20
2020-04-08,NA,CoronaMex,simulacion,m2,2020-06-20
2020-04-09,NA,CoronaMex,simulacion,m2,2020-06-20
2020-04-10,NA,CoronaMex,simulacion,m2,2020-06-20
2020-04-11,NA,CoronaMex,simulacion,m2,2020-06-20
2020-04-12,NA,CoronaMex,simulacion,m2,2020-06-20
2020-04-13,NA,CoronaMex,simulacion,m2,2020-06-20
2020-04-14,NA,CoronaMex,simulacion,m2,2020-06-20
2020-04-15,NA,CoronaMex,simulacion,m2,2020-06-20
2020-04-16,NA,CoronaMex,simulacion,m2,2020-06-20
2020-04-17,NA,CoronaMex,simulacion,m2,2020-06-20
2020-04-18,NA,CoronaMex,simulacion,m2,2020-06-20
2020-04-19,NA,CoronaMex,simulacion,m2,2020-06-20
2020-04-20,NA,CoronaMex,simulacion,m2,2020-06-20
2020-04-21,NA,CoronaMex,simulacion,m2,2020-06-20
2020-04-22,NA,CoronaMex,simulacion,m2,2020-06-20
2020-04-23,NA,CoronaMex,simulacion,m2,2020-06-20
2020-04-24,NA,CoronaMex,simulacion,m2,2020-06-20
2020-04-25,NA,CoronaMex,simulacion,m2,2020-06-20
2020-04-26,NA,CoronaMex,simulacion,m2,2020-06-20
2020-04-27,NA,CoronaMex,simulacion,m2,2020-06-20
2020-04-28,NA,CoronaMex,simulacion,m2,2020-06-20
2020-04-29,NA,CoronaMex,simulacion,m2,2020-06-20
2020-04-30,NA,CoronaMex,simulacion,m2,2020-06-20
2020-05-01,NA,CoronaMex,simulacion,m2,2020-06-20
2020-05-02,NA,CoronaMex,simulacion,m2,2020-06-20
2020-05-03,NA,CoronaMex,simulacion,m2,2020-06-20
2020-05-04,NA,CoronaMex,simulacion,m2,2020-06-20
2020-05-05,NA,CoronaMex,simulacion,m2,2020-06-20
2020-05-06,NA,CoronaMex,simulacion,m2,2020-06-20
2020-05-07,NA,CoronaMex,simulacion,m2,2020-06-20
2020-05-08,NA,CoronaMex,simulacion,m2,2020-06-20
2020-05-09,NA,CoronaMex,simulacion,m2,2020-06-20
2020-05-10,NA,CoronaMex,simulacion,m2,2020-06-20
2020-05-11,NA,CoronaMex,simulacion,m2,2020-06-20
2020-05-12,NA,CoronaMex,simulacion,m2,2020-06-20
2020-05-13,NA,CoronaMex,simulacion,m2,2020-06-20
2020-05-14,NA,CoronaMex,simulacion,m2,2020-06-20
2020-05-15,NA,CoronaMex,simulacion,m2,2020-06-20
2020-05-16,NA,CoronaMex,simulacion,m2,2020-06-20
2020-05-17,NA,CoronaMex,simulacion,m2,2020-06-20
2020-05-18,NA,CoronaMex,simulacion,m2,2020-06-20
2020-05-19,NA,CoronaMex,simulacion,m2,2020-06-20
2020-05-20,NA,CoronaMex,simulacion,m2,2020-06-20
2020-05-21,NA,CoronaMex,simulacion,m2,2020-06-20
2020-05-22,NA,CoronaMex,simulacion,m2,2020-06-20
2020-05-23,NA,CoronaMex,simulacion,m2,2020-06-20
2020-05-24,NA,CoronaMex,simulacion,m2,2020-06-20
2020-05-25,NA,CoronaMex,simulacion,m2,2020-06-20
2020-05-26,NA,CoronaMex,simulacion,m2,2020-06-20
2020-05-27,NA,CoronaMex,simulacion,m2,2020-06-20
2020-05-28,NA,CoronaMex,simulacion,m2,2020-06-20
2020-05-29,NA,CoronaMex,simulacion,m2,2020-06-20
2020-05-30,NA,CoronaMex,simulacion,m2,2020-06-20
2020-05-31,NA,CoronaMex,simulacion,m2,2020-06-20
2020-06-01,NA,CoronaMex,simulacion,m2,2020-06-20
2020-06-02,NA,CoronaMex,simulacion,m2,2020-06-20
2020-06-03,NA,CoronaMex,simulacion,m2,2020-06-20
2020-06-04,NA,CoronaMex,simulacion,m2,2020-06-20
2020-06-05,NA,CoronaMex,simulacion,m2,2020-06-20
2020-06-06,NA,CoronaMex,simulacion,m2,2020-06-20
2020-06-07,NA,CoronaMex,simulacion,m2,2020-06-20
2020-06-08,NA,CoronaMex,simulacion,m2,2020-06-20
2020-06-09,NA,CoronaMex,simulacion,m2,2020-06-20
2020-06-10,NA,CoronaMex,simulacion,m2,2020-06-20
2020-06-11,NA,CoronaMex,simulacion,m2,2020-06-20
2020-06-12,NA,CoronaMex,simulacion,m2,2020-06-20
2020-06-13,NA,CoronaMex,simulacion,m2,2020-06-20
2020-06-14,NA,CoronaMex,simulacion,m2,2020-06-20
2020-06-15,NA,CoronaMex,simulacion,m2,2020-06-20
2020-06-16,NA,CoronaMex,simulacion,m2,2020-06-20
2020-06-17,NA,CoronaMex,simulacion,m2,2020-06-20
2020-06-18,NA,CoronaMex,simulacion,m2,2020-06-20
2020-06-19,NA,CoronaMex,simulacion,m2,2020-06-20
2020-06-20,NA,CoronaMex,simulacion,m2,2020-06-20
2020-02-19,42,CoronaMex,simulacion,m3,2020-06-20
2020-02-20,44,CoronaMex,simulacion,m3,2020-06-20
2020-02-21,50,CoronaMex,simulacion,m3,2020-06-20
2020-02-22,59,CoronaMex,simulacion,m3,2020-06-20
2020-02-23,71,CoronaMex,simulacion,m3,2020-06-20
2020-02-24,86,CoronaMex,simulacion,m3,2020-06-20
2020-02-25,104,CoronaMex,simulacion,m3,2020-06-20
2020-02-26,126,CoronaMex,simulacion,m3,2020-06-20
2020-02-27,151,CoronaMex,simulacion,m3,2020-06-20
2020-02-28,182,CoronaMex,simulacion,m3,2020-06-20
2020-02-29,218,CoronaMex,simulacion,m3,2020-06-20
2020-03-01,260,CoronaMex,simulacion,m3,2020-06-20
2020-03-02,310,CoronaMex,simulacion,m3,2020-06-20
2020-03-03,370,CoronaMex,simulacion,m3,2020-06-20
2020-03-04,440,CoronaMex,simulacion,m3,2020-06-20
2020-03-05,523,CoronaMex,simulacion,m3,2020-06-20
2020-03-06,621,CoronaMex,simulacion,m3,2020-06-20
2020-03-07,737,CoronaMex,simulacion,m3,2020-06-20
2020-03-08,874,CoronaMex,simulacion,m3,2020-06-20
2020-03-09,1036,CoronaMex,simulacion,m3,2020-06-20
2020-03-10,1227,CoronaMex,simulacion,m3,2020-06-20
2020-03-11,1453,CoronaMex,simulacion,m3,2020-06-20
2020-03-12,1721,CoronaMex,simulacion,m3,2020-06-20
2020-03-13,2037,CoronaMex,simulacion,m3,2020-06-20
2020-03-14,2412,CoronaMex,simulacion,m3,2020-06-20
2020-03-15,2856,CoronaMex,simulacion,m3,2020-06-20
2020-03-16,3383,CoronaMex,simulacion,m3,2020-06-20
2020-03-17,4008,CoronaMex,simulacion,m3,2020-06-20
2020-03-18,4749,CoronaMex,simulacion,m3,2020-06-20
2020-03-19,5626,CoronaMex,simulacion,m3,2020-06-20
2020-03-20,6667,CoronaMex,simulacion,m3,2020-06-20
2020-03-21,7899,CoronaMex,simulacion,m3,2020-06-20
2020-03-22,9360,CoronaMex,simulacion,m3,2020-06-20
2020-03-23,11087,CoronaMex,simulacion,m3,2020-06-20
2020-03-24,13132,CoronaMex,simulacion,m3,2020-06-20
2020-03-25,15556,CoronaMex,simulacion,m3,2020-06-20
2020-03-26,18427,CoronaMex,simulacion,m3,2020-06-20
2020-03-27,21828,CoronaMex,simulacion,m3,2020-06-20
2020-03-28,25855,CoronaMex,simulacion,m3,2020-06-20
2020-03-29,30329,CoronaMex,simulacion,m3,2020-06-20
2020-03-30,34874,CoronaMex,simulacion,m3,2020-06-20
2020-03-31,39562,CoronaMex,simulacion,m3,2020-06-20
2020-04-01,44450,CoronaMex,simulacion,m3,2020-06-20
2020-04-02,49584,CoronaMex,simulacion,m3,2020-06-20
2020-04-03,54999,CoronaMex,simulacion,m3,2020-06-20
2020-04-04,60726,CoronaMex,simulacion,m3,2020-06-20
2020-04-05,66794,CoronaMex,simulacion,m3,2020-06-20
2020-04-06,73231,CoronaMex,simulacion,m3,2020-06-20
2020-04-07,80063,CoronaMex,simulacion,m3,2020-06-20
2020-04-08,87316,CoronaMex,simulacion,m3,2020-06-20
2020-04-09,95019,CoronaMex,simulacion,m3,2020-06-20
2020-04-10,103201,CoronaMex,simulacion,m3,2020-06-20
2020-04-11,111892,CoronaMex,simulacion,m3,2020-06-20
2020-04-12,121128,CoronaMex,simulacion,m3,2020-06-20
2020-04-13,130666,CoronaMex,simulacion,m3,2020-06-20
2020-04-14,140379,CoronaMex,simulacion,m3,2020-06-20
2020-04-15,150318,CoronaMex,simulacion,m3,2020-06-20
2020-04-16,160520,CoronaMex,simulacion,m3,2020-06-20
2020-04-17,171015,CoronaMex,simulacion,m3,2020-06-20
2020-04-18,181826,CoronaMex,simulacion,m3,2020-06-20
2020-04-19,192972,CoronaMex,simulacion,m3,2020-06-20
2020-04-20,204470,CoronaMex,simulacion,m3,2020-06-20
2020-04-21,216335,CoronaMex,simulacion,m3,2020-06-20
2020-04-22,228582,CoronaMex,simulacion,m3,2020-06-20
2020-04-23,241225,CoronaMex,simulacion,m3,2020-06-20
2020-04-24,254278,CoronaMex,simulacion,m3,2020-06-20
2020-04-25,267756,CoronaMex,simulacion,m3,2020-06-20
2020-04-26,281671,CoronaMex,simulacion,m3,2020-06-20
2020-04-27,296047,CoronaMex,simulacion,m3,2020-06-20
2020-04-28,310973,CoronaMex,simulacion,m3,2020-06-20
2020-04-29,326524,CoronaMex,simulacion,m3,2020-06-20
2020-04-30,342739,CoronaMex,simulacion,m3,2020-06-20
2020-05-01,359625,CoronaMex,simulacion,m3,2020-06-20
2020-05-02,377196,CoronaMex,simulacion,m3,2020-06-20
2020-05-03,395473,CoronaMex,simulacion,m3,2020-06-20
2020-05-04,414478,CoronaMex,simulacion,m3,2020-06-20
2020-05-05,434238,CoronaMex,simulacion,m3,2020-06-20
2020-05-06,454779,CoronaMex,simulacion,m3,2020-06-20
2020-05-07,476131,CoronaMex,simulacion,m3,2020-06-20
2020-05-08,498322,CoronaMex,simulacion,m3,2020-06-20
2020-05-09,521387,CoronaMex,simulacion,m3,2020-06-20
2020-05-10,545360,CoronaMex,simulacion,m3,2020-06-20
2020-05-11,570273,CoronaMex,simulacion,m3,2020-06-20
2020-05-12,596168,CoronaMex,simulacion,m3,2020-06-20
2020-05-13,622515,CoronaMex,simulacion,m3,2020-06-20
2020-05-14,649000,CoronaMex,simulacion,m3,2020-06-20
2020-05-15,675717,CoronaMex,simulacion,m3,2020-06-20
2020-05-16,702738,CoronaMex,simulacion,m3,2020-06-20
2020-05-17,730114,CoronaMex,simulacion,m3,2020-06-20
2020-05-18,757878,CoronaMex,simulacion,m3,2020-06-20
2020-05-19,786058,CoronaMex,simulacion,m3,2020-06-20
2020-05-20,814673,CoronaMex,simulacion,m3,2020-06-20
2020-05-21,843739,CoronaMex,simulacion,m3,2020-06-20
2020-05-22,873270,CoronaMex,simulacion,m3,2020-06-20
2020-05-23,903276,CoronaMex,simulacion,m3,2020-06-20
2020-05-24,933768,CoronaMex,simulacion,m3,2020-06-20
2020-05-25,964756,CoronaMex,simulacion,m3,2020-06-20
2020-05-26,996247,CoronaMex,simulacion,m3,2020-06-20
2020-05-27,1028242,CoronaMex,simulacion,m3,2020-06-20
2020-05-28,1060706,CoronaMex,simulacion,m3,2020-06-20
2020-05-29,1093620,CoronaMex,simulacion,m3,2020-06-20
2020-05-30,1126983,CoronaMex,simulacion,m3,2020-06-20
2020-05-31,1160812,CoronaMex,simulacion,m3,2020-06-20
2020-06-01,1195118,CoronaMex,simulacion,m3,2020-06-20
2020-06-02,1229911,CoronaMex,simulacion,m3,2020-06-20
2020-06-03,1265199,CoronaMex,simulacion,m3,2020-06-20
2020-06-04,1300989,CoronaMex,simulacion,m3,2020-06-20
2020-06-05,1337289,CoronaMex,simulacion,m3,2020-06-20
2020-06-06,1374105,CoronaMex,simulacion,m3,2020-06-20
2020-06-07,1411444,CoronaMex,simulacion,m3,2020-06-20
2020-06-08,1449313,CoronaMex,simulacion,m3,2020-06-20
2020-06-09,1487717,CoronaMex,simulacion,m3,2020-06-20
2020-06-10,1526664,CoronaMex,simulacion,m3,2020-06-20
2020-06-11,1566160,CoronaMex,simulacion,m3,2020-06-20
2020-06-12,1606211,CoronaMex,simulacion,m3,2020-06-20
2020-06-13,1646825,CoronaMex,simulacion,m3,2020-06-20
2020-06-14,1688006,CoronaMex,simulacion,m3,2020-06-20
2020-06-15,1729763,CoronaMex,simulacion,m3,2020-06-20
2020-06-16,1772100,CoronaMex,simulacion,m3,2020-06-20
2020-06-17,1815026,CoronaMex,simulacion,m3,2020-06-20
2020-06-18,1858546,CoronaMex,simulacion,m3,2020-06-20
2020-06-19,1902667,CoronaMex,simulacion,m3,2020-06-20
2020-06-20,1947395,CoronaMex,simulacion,m3,2020-06-20
2020-02-19,42,CoronaMex,simulacion,m4,2020-06-20
2020-02-20,45,CoronaMex,simulacion,m4,2020-06-20
2020-02-21,53,CoronaMex,simulacion,m4,2020-06-20
2020-02-22,66,CoronaMex,simulacion,m4,2020-06-20
2020-02-23,82,CoronaMex,simulacion,m4,2020-06-20
2020-02-24,103,CoronaMex,simulacion,m4,2020-06-20
2020-02-25,130,CoronaMex,simulacion,m4,2020-06-20
2020-02-26,162,CoronaMex,simulacion,m4,2020-06-20
2020-02-27,202,CoronaMex,simulacion,m4,2020-06-20
2020-02-28,251,CoronaMex,simulacion,m4,2020-06-20
2020-02-29,311,CoronaMex,simulacion,m4,2020-06-20
2020-03-01,385,CoronaMex,simulacion,m4,2020-06-20
2020-03-02,476,CoronaMex,simulacion,m4,2020-06-20
2020-03-03,588,CoronaMex,simulacion,m4,2020-06-20
2020-03-04,725,CoronaMex,simulacion,m4,2020-06-20
2020-03-05,893,CoronaMex,simulacion,m4,2020-06-20
2020-03-06,1099,CoronaMex,simulacion,m4,2020-06-20
2020-03-07,1352,CoronaMex,simulacion,m4,2020-06-20
2020-03-08,1663,CoronaMex,simulacion,m4,2020-06-20
2020-03-09,2044,CoronaMex,simulacion,m4,2020-06-20
2020-03-10,2512,CoronaMex,simulacion,m4,2020-06-20
2020-03-11,3086,CoronaMex,simulacion,m4,2020-06-20
2020-03-12,3791,CoronaMex,simulacion,m4,2020-06-20
2020-03-13,4656,CoronaMex,simulacion,m4,2020-06-20
2020-03-14,5614,CoronaMex,simulacion,m4,2020-06-20
2020-03-15,6574,CoronaMex,simulacion,m4,2020-06-20
2020-03-16,7492,CoronaMex,simulacion,m4,2020-06-20
2020-03-17,8375,CoronaMex,simulacion,m4,2020-06-20
2020-03-18,9255,CoronaMex,simulacion,m4,2020-06-20
2020-03-19,10143,CoronaMex,simulacion,m4,2020-06-20
2020-03-20,11045,CoronaMex,simulacion,m4,2020-06-20
2020-03-21,11965,CoronaMex,simulacion,m4,2020-06-20
2020-03-22,12907,CoronaMex,simulacion,m4,2020-06-20
2020-03-23,13873,CoronaMex,simulacion,m4,2020-06-20
2020-03-24,14864,CoronaMex,simulacion,m4,2020-06-20
2020-03-25,15882,CoronaMex,simulacion,m4,2020-06-20
2020-03-26,16928,CoronaMex,simulacion,m4,2020-06-20
2020-03-27,18004,CoronaMex,simulacion,m4,2020-06-20
2020-03-28,19110,CoronaMex,simulacion,m4,2020-06-20
2020-03-29,20447,CoronaMex,simulacion,m4,2020-06-20
2020-03-30,22187,CoronaMex,simulacion,m4,2020-06-20
2020-03-31,24315,CoronaMex,simulacion,m4,2020-06-20
2020-04-01,26844,CoronaMex,simulacion,m4,2020-06-20
2020-04-02,29815,CoronaMex,simulacion,m4,2020-06-20
2020-04-03,33289,CoronaMex,simulacion,m4,2020-06-20
2020-04-04,37341,CoronaMex,simulacion,m4,2020-06-20
2020-04-05,42061,CoronaMex,simulacion,m4,2020-06-20
2020-04-06,47556,CoronaMex,simulacion,m4,2020-06-20
2020-04-07,53948,CoronaMex,simulacion,m4,2020-06-20
2020-04-08,61382,CoronaMex,simulacion,m4,2020-06-20
2020-04-09,70029,CoronaMex,simulacion,m4,2020-06-20
2020-04-10,80086,CoronaMex,simulacion,m4,2020-06-20
2020-04-11,91785,CoronaMex,simulacion,m4,2020-06-20
2020-04-12,105397,CoronaMex,simulacion,m4,2020-06-20
2020-04-13,119492,CoronaMex,simulacion,m4,2020-06-20
2020-04-14,132830,CoronaMex,simulacion,m4,2020-06-20
2020-04-15,145798,CoronaMex,simulacion,m4,2020-06-20
2020-04-16,158560,CoronaMex,simulacion,m4,2020-06-20
2020-04-17,171343,CoronaMex,simulacion,m4,2020-06-20
2020-04-18,184214,CoronaMex,simulacion,m4,2020-06-20
2020-04-19,197248,CoronaMex,simulacion,m4,2020-06-20
2020-04-20,210493,CoronaMex,simulacion,m4,2020-06-20
2020-04-21,223980,CoronaMex,simulacion,m4,2020-06-20
2020-04-22,237731,CoronaMex,simulacion,m4,2020-06-20
2020-04-23,251764,CoronaMex,simulacion,m4,2020-06-20
2020-04-24,266092,CoronaMex,simulacion,m4,2020-06-20
2020-04-25,280726,CoronaMex,simulacion,m4,2020-06-20
2020-04-26,295674,CoronaMex,simulacion,m4,2020-06-20
2020-04-27,310947,CoronaMex,simulacion,m4,2020-06-20
2020-04-28,326574,CoronaMex,simulacion,m4,2020-06-20
2020-04-29,342587,CoronaMex,simulacion,m4,2020-06-20
2020-04-30,359005,CoronaMex,simulacion,m4,2020-06-20
2020-05-01,375831,CoronaMex,simulacion,m4,2020-06-20
2020-05-02,393066,CoronaMex,simulacion,m4,2020-06-20
2020-05-03,410717,CoronaMex,simulacion,m4,2020-06-20
2020-05-04,428790,CoronaMex,simulacion,m4,2020-06-20
2020-05-05,447296,CoronaMex,simulacion,m4,2020-06-20
2020-05-06,466240,CoronaMex,simulacion,m4,2020-06-20
2020-05-07,485637,CoronaMex,simulacion,m4,2020-06-20
2020-05-08,505491,CoronaMex,simulacion,m4,2020-06-20
2020-05-09,525816,CoronaMex,simulacion,m4,2020-06-20
2020-05-10,546624,CoronaMex,simulacion,m4,2020-06-20
2020-05-11,567920,CoronaMex,simulacion,m4,2020-06-20
2020-05-12,589723,CoronaMex,simulacion,m4,2020-06-20
2020-05-13,612309,CoronaMex,simulacion,m4,2020-06-20
2020-05-14,635867,CoronaMex,simulacion,m4,2020-06-20
2020-05-15,660358,CoronaMex,simulacion,m4,2020-06-20
2020-05-16,685761,CoronaMex,simulacion,m4,2020-06-20
2020-05-17,712073,CoronaMex,simulacion,m4,2020-06-20
2020-05-18,739304,CoronaMex,simulacion,m4,2020-06-20
2020-05-19,767472,CoronaMex,simulacion,m4,2020-06-20
2020-05-20,796600,CoronaMex,simulacion,m4,2020-06-20
2020-05-21,826713,CoronaMex,simulacion,m4,2020-06-20
2020-05-22,857840,CoronaMex,simulacion,m4,2020-06-20
2020-05-23,890011,CoronaMex,simulacion,m4,2020-06-20
2020-05-24,923261,CoronaMex,simulacion,m4,2020-06-20
2020-05-25,957621,CoronaMex,simulacion,m4,2020-06-20
2020-05-26,993124,CoronaMex,simulacion,m4,2020-06-20
2020-05-27,1029814,CoronaMex,simulacion,m4,2020-06-20
2020-05-28,1066320,CoronaMex,simulacion,m4,2020-06-20
2020-05-29,1101609,CoronaMex,simulacion,m4,2020-06-20
2020-05-30,1136061,CoronaMex,simulacion,m4,2020-06-20
2020-05-31,1169918,CoronaMex,simulacion,m4,2020-06-20
2020-06-01,1203346,CoronaMex,simulacion,m4,2020-06-20
2020-06-02,1236456,CoronaMex,simulacion,m4,2020-06-20
2020-06-03,1269325,CoronaMex,simulacion,m4,2020-06-20
2020-06-04,1301982,CoronaMex,simulacion,m4,2020-06-20
2020-06-05,1334478,CoronaMex,simulacion,m4,2020-06-20
2020-06-06,1366825,CoronaMex,simulacion,m4,2020-06-20
2020-06-07,1399036,CoronaMex,simulacion,m4,2020-06-20
2020-06-08,1431122,CoronaMex,simulacion,m4,2020-06-20
2020-06-09,1463088,CoronaMex,simulacion,m4,2020-06-20
2020-06-10,1494937,CoronaMex,simulacion,m4,2020-06-20
2020-06-11,1526672,CoronaMex,simulacion,m4,2020-06-20
2020-06-12,1558294,CoronaMex,simulacion,m4,2020-06-20
2020-06-13,1589803,CoronaMex,simulacion,m4,2020-06-20
2020-06-14,1621201,CoronaMex,simulacion,m4,2020-06-20
2020-06-15,1652488,CoronaMex,simulacion,m4,2020-06-20
2020-06-16,1683662,CoronaMex,simulacion,m4,2020-06-20
2020-06-17,1714725,CoronaMex,simulacion,m4,2020-06-20
2020-06-18,1745676,CoronaMex,simulacion,m4,2020-06-20
2020-06-19,1776514,CoronaMex,simulacion,m4,2020-06-20
2020-06-20,1807240,CoronaMex,simulacion,m4,2020-06-20
2020-02-19,42,CoronaMex,simulacion,m5,2020-06-20
2020-02-20,45,CoronaMex,simulacion,m5,2020-06-20
2020-02-21,54,CoronaMex,simulacion,m5,2020-06-20
2020-02-22,69,CoronaMex,simulacion,m5,2020-06-20
2020-02-23,89,CoronaMex,simulacion,m5,2020-06-20
2020-02-24,116,CoronaMex,simulacion,m5,2020-06-20
2020-02-25,150,CoronaMex,simulacion,m5,2020-06-20
2020-02-26,193,CoronaMex,simulacion,m5,2020-06-20
2020-02-27,250,CoronaMex,simulacion,m5,2020-06-20
2020-02-28,321,CoronaMex,simulacion,m5,2020-06-20
2020-02-29,413,CoronaMex,simulacion,m5,2020-06-20
2020-03-01,530,CoronaMex,simulacion,m5,2020-06-20
2020-03-02,679,CoronaMex,simulacion,m5,2020-06-20
2020-03-03,869,CoronaMex,simulacion,m5,2020-06-20
2020-03-04,1112,CoronaMex,simulacion,m5,2020-06-20
2020-03-05,1423,CoronaMex,simulacion,m5,2020-06-20
2020-03-06,1819,CoronaMex,simulacion,m5,2020-06-20
2020-03-07,2324,CoronaMex,simulacion,m5,2020-06-20
2020-03-08,2970,CoronaMex,simulacion,m5,2020-06-20
2020-03-09,3794,CoronaMex,simulacion,m5,2020-06-20
2020-03-10,4845,CoronaMex,simulacion,m5,2020-06-20
2020-03-11,6188,CoronaMex,simulacion,m5,2020-06-20
2020-03-12,7890,CoronaMex,simulacion,m5,2020-06-20
2020-03-13,10067,CoronaMex,simulacion,m5,2020-06-20
2020-03-14,12375,CoronaMex,simulacion,m5,2020-06-20
2020-03-15,14590,CoronaMex,simulacion,m5,2020-06-20
2020-03-16,16703,CoronaMex,simulacion,m5,2020-06-20
2020-03-17,18761,CoronaMex,simulacion,m5,2020-06-20
2020-03-18,20799,CoronaMex,simulacion,m5,2020-06-20
2020-03-19,22836,CoronaMex,simulacion,m5,2020-06-20
2020-03-20,24886,CoronaMex,simulacion,m5,2020-06-20
2020-03-21,26960,CoronaMex,simulacion,m5,2020-06-20
2020-03-22,29065,CoronaMex,simulacion,m5,2020-06-20
2020-03-23,31206,CoronaMex,simulacion,m5,2020-06-20
2020-03-24,33387,CoronaMex,simulacion,m5,2020-06-20
2020-03-25,35610,CoronaMex,simulacion,m5,2020-06-20
2020-03-26,37878,CoronaMex,simulacion,m5,2020-06-20
2020-03-27,40193,CoronaMex,simulacion,m5,2020-06-20
2020-03-28,42589,CoronaMex,simulacion,m5,2020-06-20
2020-03-29,45196,CoronaMex,simulacion,m5,2020-06-20
2020-03-30,48093,CoronaMex,simulacion,m5,2020-06-20
2020-03-31,51306,CoronaMex,simulacion,m5,2020-06-20
2020-04-01,54817,CoronaMex,simulacion,m5,2020-06-20
2020-04-02,58627,CoronaMex,simulacion,m5,2020-06-20
2020-04-03,62748,CoronaMex,simulacion,m5,2020-06-20
2020-04-04,67197,CoronaMex,simulacion,m5,2020-06-20
2020-04-05,71995,CoronaMex,simulacion,m5,2020-06-20
2020-04-06,77166,CoronaMex,simulacion,m5,2020-06-20
2020-04-07,82736,CoronaMex,simulacion,m5,2020-06-20
2020-04-08,88732,CoronaMex,simulacion,m5,2020-06-20
2020-04-09,95188,CoronaMex,simulacion,m5,2020-06-20
2020-04-10,102139,CoronaMex,simulacion,m5,2020-06-20
2020-04-11,109623,CoronaMex,simulacion,m5,2020-06-20
2020-04-12,117656,CoronaMex,simulacion,m5,2020-06-20
2020-04-13,126110,CoronaMex,simulacion,m5,2020-06-20
2020-04-14,134864,CoronaMex,simulacion,m5,2020-06-20
2020-04-15,143974,CoronaMex,simulacion,m5,2020-06-20
2020-04-16,153507,CoronaMex,simulacion,m5,2020-06-20
2020-04-17,163497,CoronaMex,simulacion,m5,2020-06-20
2020-04-18,173979,CoronaMex,simulacion,m5,2020-06-20
2020-04-19,184987,CoronaMex,simulacion,m5,2020-06-20
2020-04-20,196555,CoronaMex,simulacion,m5,2020-06-20
2020-04-21,208714,CoronaMex,simulacion,m5,2020-06-20
2020-04-22,221498,CoronaMex,simulacion,m5,2020-06-20
2020-04-23,234940,CoronaMex,simulacion,m5,2020-06-20
2020-04-24,249074,CoronaMex,simulacion,m5,2020-06-20
2020-04-25,263937,CoronaMex,simulacion,m5,2020-06-20
2020-04-26,279565,CoronaMex,simulacion,m5,2020-06-20
2020-04-27,295998,CoronaMex,simulacion,m5,2020-06-20
2020-04-28,312969,CoronaMex,simulacion,m5,2020-06-20
2020-04-29,330228,CoronaMex,simulacion,m5,2020-06-20
2020-04-30,347863,CoronaMex,simulacion,m5,2020-06-20
2020-05-01,365936,CoronaMex,simulacion,m5,2020-06-20
2020-05-02,384497,CoronaMex,simulacion,m5,2020-06-20
2020-05-03,403587,CoronaMex,simulacion,m5,2020-06-20
2020-05-04,423239,CoronaMex,simulacion,m5,2020-06-20
2020-05-05,443479,CoronaMex,simulacion,m5,2020-06-20
2020-05-06,464335,CoronaMex,simulacion,m5,2020-06-20
2020-05-07,485829,CoronaMex,simulacion,m5,2020-06-20
2020-05-08,507983,CoronaMex,simulacion,m5,2020-06-20
2020-05-09,530821,CoronaMex,simulacion,m5,2020-06-20
2020-05-10,554361,CoronaMex,simulacion,m5,2020-06-20
2020-05-11,578635,CoronaMex,simulacion,m5,2020-06-20
2020-05-12,603652,CoronaMex,simulacion,m5,2020-06-20
2020-05-13,629132,CoronaMex,simulacion,m5,2020-06-20
2020-05-14,654815,CoronaMex,simulacion,m5,2020-06-20
2020-05-15,680783,CoronaMex,simulacion,m5,2020-06-20
2020-05-16,707091,CoronaMex,simulacion,m5,2020-06-20
2020-05-17,733785,CoronaMex,simulacion,m5,2020-06-20
2020-05-18,760896,CoronaMex,simulacion,m5,2020-06-20
2020-05-19,788449,CoronaMex,simulacion,m5,2020-06-20
2020-05-20,816463,CoronaMex,simulacion,m5,2020-06-20
2020-05-21,844953,CoronaMex,simulacion,m5,2020-06-20
2020-05-22,873933,CoronaMex,simulacion,m5,2020-06-20
2020-05-23,903413,CoronaMex,simulacion,m5,2020-06-20
2020-05-24,933404,CoronaMex,simulacion,m5,2020-06-20
2020-05-25,963917,CoronaMex,simulacion,m5,2020-06-20
2020-05-26,994960,CoronaMex,simulacion,m5,2020-06-20
2020-05-27,1026548,CoronaMex,simulacion,m5,2020-06-20
2020-05-28,1058768,CoronaMex,simulacion,m5,2020-06-20
2020-05-29,1091700,CoronaMex,simulacion,m5,2020-06-20
2020-05-30,1125377,CoronaMex,simulacion,m5,2020-06-20
2020-05-31,1159794,CoronaMex,simulacion,m5,2020-06-20
2020-06-01,1194944,CoronaMex,simulacion,m5,2020-06-20
2020-06-02,1230832,CoronaMex,simulacion,m5,2020-06-20
2020-06-03,1267467,CoronaMex,simulacion,m5,2020-06-20
2020-06-04,1304857,CoronaMex,simulacion,m5,2020-06-20
2020-06-05,1343014,CoronaMex,simulacion,m5,2020-06-20
2020-06-06,1381950,CoronaMex,simulacion,m5,2020-06-20
2020-06-07,1421679,CoronaMex,simulacion,m5,2020-06-20
2020-06-08,1462214,CoronaMex,simulacion,m5,2020-06-20
2020-06-09,1503569,CoronaMex,simulacion,m5,2020-06-20
2020-06-10,1545759,CoronaMex,simulacion,m5,2020-06-20
2020-06-11,1588797,CoronaMex,simulacion,m5,2020-06-20
2020-06-12,1632701,CoronaMex,simulacion,m5,2020-06-20
2020-06-13,1677486,CoronaMex,simulacion,m5,2020-06-20
2020-06-14,1723164,CoronaMex,simulacion,m5,2020-06-20
2020-06-15,1769757,CoronaMex,simulacion,m5,2020-06-20
2020-06-16,1817277,CoronaMex,simulacion,m5,2020-06-20
2020-06-17,1865742,CoronaMex,simulacion,m5,2020-06-20
2020-06-18,1915166,CoronaMex,simulacion,m5,2020-06-20
2020-06-19,1965567,CoronaMex,simulacion,m5,2020-06-20
2020-06-20,2016963,CoronaMex,simulacion,m5,2020-06-20
2020-02-19,42,CoronaMex,simulacion,m6,2020-06-20
2020-02-20,45,CoronaMex,simulacion,m6,2020-06-20
2020-02-21,53,CoronaMex,simulacion,m6,2020-06-20
2020-02-22,67,CoronaMex,simulacion,m6,2020-06-20
2020-02-23,86,CoronaMex,simulacion,m6,2020-06-20
2020-02-24,110,CoronaMex,simulacion,m6,2020-06-20
2020-02-25,142,CoronaMex,simulacion,m6,2020-06-20
2020-02-26,182,CoronaMex,simulacion,m6,2020-06-20
2020-02-27,233,CoronaMex,simulacion,m6,2020-06-20
2020-02-28,299,CoronaMex,simulacion,m6,2020-06-20
2020-02-29,382,CoronaMex,simulacion,m6,2020-06-20
2020-03-01,488,CoronaMex,simulacion,m6,2020-06-20
2020-03-02,622,CoronaMex,simulacion,m6,2020-06-20
2020-03-03,793,CoronaMex,simulacion,m6,2020-06-20
2020-03-04,1010,CoronaMex,simulacion,m6,2020-06-20
2020-03-05,1286,CoronaMex,simulacion,m6,2020-06-20
2020-03-06,1636,CoronaMex,simulacion,m6,2020-06-20
2020-03-07,2081,CoronaMex,simulacion,m6,2020-06-20
2020-03-08,2647,CoronaMex,simulacion,m6,2020-06-20
2020-03-09,3365,CoronaMex,simulacion,m6,2020-06-20
2020-03-10,4278,CoronaMex,simulacion,m6,2020-06-20
2020-03-11,5438,CoronaMex,simulacion,m6,2020-06-20
2020-03-12,6902,CoronaMex,simulacion,m6,2020-06-20
2020-03-13,8765,CoronaMex,simulacion,m6,2020-06-20
2020-03-14,10725,CoronaMex,simulacion,m6,2020-06-20
2020-03-15,12612,CoronaMex,simulacion,m6,2020-06-20
2020-03-16,14396,CoronaMex,simulacion,m6,2020-06-20
2020-03-17,16109,CoronaMex,simulacion,m6,2020-06-20
2020-03-18,17776,CoronaMex,simulacion,m6,2020-06-20
2020-03-19,19413,CoronaMex,simulacion,m6,2020-06-20
2020-03-20,21031,CoronaMex,simulacion,m6,2020-06-20
2020-03-21,22638,CoronaMex,simulacion,m6,2020-06-20
2020-03-22,24240,CoronaMex,simulacion,m6,2020-06-20
2020-03-23,25842,CoronaMex,simulacion,m6,2020-06-20
2020-03-24,27445,CoronaMex,simulacion,m6,2020-06-20
2020-03-25,29053,CoronaMex,simulacion,m6,2020-06-20
2020-03-26,30667,CoronaMex,simulacion,m6,2020-06-20
2020-03-27,32287,CoronaMex,simulacion,m6,2020-06-20
2020-03-28,33919,CoronaMex,simulacion,m6,2020-06-20
2020-03-29,35804,CoronaMex,simulacion,m6,2020-06-20
2020-03-30,38043,CoronaMex,simulacion,m6,2020-06-20
2020-03-31,40638,CoronaMex,simulacion,m6,2020-06-20
2020-04-01,43586,CoronaMex,simulacion,m6,2020-06-20
2020-04-02,46902,CoronaMex,simulacion,m6,2020-06-20
2020-04-03,50611,CoronaMex,simulacion,m6,2020-06-20
2020-04-04,54745,CoronaMex,simulacion,m6,2020-06-20
2020-04-05,59344,CoronaMex,simulacion,m6,2020-06-20
2020-04-06,64455,CoronaMex,simulacion,m6,2020-06-20
2020-04-07,70128,CoronaMex,simulacion,m6,2020-06-20
2020-04-08,76423,CoronaMex,simulacion,m6,2020-06-20
2020-04-09,83411,CoronaMex,simulacion,m6,2020-06-20
2020-04-10,91166,CoronaMex,simulacion,m6,2020-06-20
2020-04-11,99770,CoronaMex,simulacion,m6,2020-06-20
2020-04-12,109310,CoronaMex,simulacion,m6,2020-06-20
2020-04-13,119310,CoronaMex,simulacion,m6,2020-06-20
2020-04-14,129443,CoronaMex,simulacion,m6,2020-06-20
2020-04-15,139819,CoronaMex,simulacion,m6,2020-06-20
2020-04-16,150510,CoronaMex,simulacion,m6,2020-06-20
2020-04-17,161583,CoronaMex,simulacion,m6,2020-06-20
2020-04-18,173086,CoronaMex,simulacion,m6,2020-06-20
2020-04-19,185061,CoronaMex,simulacion,m6,2020-06-20
2020-04-20,197545,CoronaMex,simulacion,m6,2020-06-20
2020-04-21,210571,CoronaMex,simulacion,m6,2020-06-20
2020-04-22,224170,CoronaMex,simulacion,m6,2020-06-20
2020-04-23,238373,CoronaMex,simulacion,m6,2020-06-20
2020-04-24,253211,CoronaMex,simulacion,m6,2020-06-20
2020-04-25,268711,CoronaMex,simulacion,m6,2020-06-20
2020-04-26,284913,CoronaMex,simulacion,m6,2020-06-20
2020-04-27,301832,CoronaMex,simulacion,m6,2020-06-20
2020-04-28,319145,CoronaMex,simulacion,m6,2020-06-20
2020-04-29,336637,CoronaMex,simulacion,m6,2020-06-20
2020-04-30,354380,CoronaMex,simulacion,m6,2020-06-20
2020-05-01,372427,CoronaMex,simulacion,m6,2020-06-20
2020-05-02,390817,CoronaMex,simulacion,m6,2020-06-20
2020-05-03,409584,CoronaMex,simulacion,m6,2020-06-20
2020-05-04,428751,CoronaMex,simulacion,m6,2020-06-20
2020-05-05,448340,CoronaMex,simulacion,m6,2020-06-20
2020-05-06,468367,CoronaMex,simulacion,m6,2020-06-20
2020-05-07,488849,CoronaMex,simulacion,m6,2020-06-20
2020-05-08,509799,CoronaMex,simulacion,m6,2020-06-20
2020-05-09,531232,CoronaMex,simulacion,m6,2020-06-20
2020-05-10,553158,CoronaMex,simulacion,m6,2020-06-20
2020-05-11,575592,CoronaMex,simulacion,m6,2020-06-20
2020-05-12,598554,CoronaMex,simulacion,m6,2020-06-20
2020-05-13,622155,CoronaMex,simulacion,m6,2020-06-20
2020-05-14,646490,CoronaMex,simulacion,m6,2020-06-20
2020-05-15,671600,CoronaMex,simulacion,m6,2020-06-20
2020-05-16,697480,CoronaMex,simulacion,m6,2020-06-20
2020-05-17,724135,CoronaMex,simulacion,m6,2020-06-20
2020-05-18,751574,CoronaMex,simulacion,m6,2020-06-20
2020-05-19,779813,CoronaMex,simulacion,m6,2020-06-20
2020-05-20,808871,CoronaMex,simulacion,m6,2020-06-20
2020-05-21,838764,CoronaMex,simulacion,m6,2020-06-20
2020-05-22,869515,CoronaMex,simulacion,m6,2020-06-20
2020-05-23,901145,CoronaMex,simulacion,m6,2020-06-20
2020-05-24,933675,CoronaMex,simulacion,m6,2020-06-20
2020-05-25,967132,CoronaMex,simulacion,m6,2020-06-20
2020-05-26,1001540,CoronaMex,simulacion,m6,2020-06-20
2020-05-27,1036929,CoronaMex,simulacion,m6,2020-06-20
2020-05-28,1072193,CoronaMex,simulacion,m6,2020-06-20
2020-05-29,1106329,CoronaMex,simulacion,m6,2020-06-20
2020-05-30,1139553,CoronaMex,simulacion,m6,2020-06-20
2020-05-31,1172056,CoronaMex,simulacion,m6,2020-06-20
2020-06-01,1203951,CoronaMex,simulacion,m6,2020-06-20
2020-06-02,1235322,CoronaMex,simulacion,m6,2020-06-20
2020-06-03,1266235,CoronaMex,simulacion,m6,2020-06-20
2020-06-04,1296738,CoronaMex,simulacion,m6,2020-06-20
2020-06-05,1326869,CoronaMex,simulacion,m6,2020-06-20
2020-06-06,1356644,CoronaMex,simulacion,m6,2020-06-20
2020-06-07,1386093,CoronaMex,simulacion,m6,2020-06-20
2020-06-08,1415225,CoronaMex,simulacion,m6,2020-06-20
2020-06-09,1444051,CoronaMex,simulacion,m6,2020-06-20
2020-06-10,1472582,CoronaMex,simulacion,m6,2020-06-20
2020-06-11,1500824,CoronaMex,simulacion,m6,2020-06-20
2020-06-12,1528782,CoronaMex,simulacion,m6,2020-06-20
2020-06-13,1556461,CoronaMex,simulacion,m6,2020-06-20
2020-06-14,1583866,CoronaMex,simulacion,m6,2020-06-20
2020-06-15,1610999,CoronaMex,simulacion,m6,2020-06-20
2020-06-16,1637863,CoronaMex,simulacion,m6,2020-06-20
2020-06-17,1664463,CoronaMex,simulacion,m6,2020-06-20
2020-06-18,1690800,CoronaMex,simulacion,m6,2020-06-20
2020-06-19,1716876,CoronaMex,simulacion,m6,2020-06-20
2020-06-20,1742695,CoronaMex,simulacion,m6,2020-06-20
2020-02-19,42,CoronaMex,simulacion,m7,2020-06-20
2020-02-20,45,CoronaMex,simulacion,m7,2020-06-20
2020-02-21,56,CoronaMex,simulacion,m7,2020-06-20
2020-02-22,73,CoronaMex,simulacion,m7,2020-06-20
2020-02-23,97,CoronaMex,simulacion,m7,2020-06-20
2020-02-24,128,CoronaMex,simulacion,m7,2020-06-20
2020-02-25,170,CoronaMex,simulacion,m7,2020-06-20
2020-02-26,224,CoronaMex,simulacion,m7,2020-06-20
2020-02-27,296,CoronaMex,simulacion,m7,2020-06-20
2020-02-28,389,CoronaMex,simulacion,m7,2020-06-20
2020-02-29,510,CoronaMex,simulacion,m7,2020-06-20
2020-03-01,669,CoronaMex,simulacion,m7,2020-06-20
2020-03-02,876,CoronaMex,simulacion,m7,2020-06-20
2020-03-03,1147,CoronaMex,simulacion,m7,2020-06-20
2020-03-04,1501,CoronaMex,simulacion,m7,2020-06-20
2020-03-05,1962,CoronaMex,simulacion,m7,2020-06-20
2020-03-06,2565,CoronaMex,simulacion,m7,2020-06-20
2020-03-07,3352,CoronaMex,simulacion,m7,2020-06-20
2020-03-08,4379,CoronaMex,simulacion,m7,2020-06-20
2020-03-09,5721,CoronaMex,simulacion,m7,2020-06-20
2020-03-10,7458,CoronaMex,simulacion,m7,2020-06-20
2020-03-11,9760,CoronaMex,simulacion,m7,2020-06-20
2020-03-12,12723,CoronaMex,simulacion,m7,2020-06-20
2020-03-13,16597,CoronaMex,simulacion,m7,2020-06-20
2020-03-14,20565,CoronaMex,simulacion,m7,2020-06-20
2020-03-15,23836,CoronaMex,simulacion,m7,2020-06-20
2020-03-16,26589,CoronaMex,simulacion,m7,2020-06-20
2020-03-17,28949,CoronaMex,simulacion,m7,2020-06-20
2020-03-18,31002,CoronaMex,simulacion,m7,2020-06-20
2020-03-19,32818,CoronaMex,simulacion,m7,2020-06-20
2020-03-20,34442,CoronaMex,simulacion,m7,2020-06-20
2020-03-21,35909,CoronaMex,simulacion,m7,2020-06-20
2020-03-22,37247,CoronaMex,simulacion,m7,2020-06-20
2020-03-23,38477,CoronaMex,simulacion,m7,2020-06-20
2020-03-24,39613,CoronaMex,simulacion,m7,2020-06-20
2020-03-25,40668,CoronaMex,simulacion,m7,2020-06-20
2020-03-26,41651,CoronaMex,simulacion,m7,2020-06-20
2020-03-27,42570,CoronaMex,simulacion,m7,2020-06-20
2020-03-28,43435,CoronaMex,simulacion,m7,2020-06-20
2020-03-29,44571,CoronaMex,simulacion,m7,2020-06-20
2020-03-30,46242,CoronaMex,simulacion,m7,2020-06-20
2020-03-31,48372,CoronaMex,simulacion,m7,2020-06-20
2020-04-01,50915,CoronaMex,simulacion,m7,2020-06-20
2020-04-02,53864,CoronaMex,simulacion,m7,2020-06-20
2020-04-03,57233,CoronaMex,simulacion,m7,2020-06-20
2020-04-04,61053,CoronaMex,simulacion,m7,2020-06-20
2020-04-05,65366,CoronaMex,simulacion,m7,2020-06-20
2020-04-06,70226,CoronaMex,simulacion,m7,2020-06-20
2020-04-07,75697,CoronaMex,simulacion,m7,2020-06-20
2020-04-08,81843,CoronaMex,simulacion,m7,2020-06-20
2020-04-09,88756,CoronaMex,simulacion,m7,2020-06-20
2020-04-10,96529,CoronaMex,simulacion,m7,2020-06-20
2020-04-11,105267,CoronaMex,simulacion,m7,2020-06-20
2020-04-12,115053,CoronaMex,simulacion,m7,2020-06-20
2020-04-13,125148,CoronaMex,simulacion,m7,2020-06-20
2020-04-14,135236,CoronaMex,simulacion,m7,2020-06-20
2020-04-15,145501,CoronaMex,simulacion,m7,2020-06-20
2020-04-16,156071,CoronaMex,simulacion,m7,2020-06-20
2020-04-17,167029,CoronaMex,simulacion,m7,2020-06-20
2020-04-18,178445,CoronaMex,simulacion,m7,2020-06-20
2020-04-19,190374,CoronaMex,simulacion,m7,2020-06-20
2020-04-20,202860,CoronaMex,simulacion,m7,2020-06-20
2020-04-21,215943,CoronaMex,simulacion,m7,2020-06-20
2020-04-22,229659,CoronaMex,simulacion,m7,2020-06-20
2020-04-23,244046,CoronaMex,simulacion,m7,2020-06-20
2020-04-24,259139,CoronaMex,simulacion,m7,2020-06-20
2020-04-25,274976,CoronaMex,simulacion,m7,2020-06-20
2020-04-26,291595,CoronaMex,simulacion,m7,2020-06-20
2020-04-27,309029,CoronaMex,simulacion,m7,2020-06-20
2020-04-28,326702,CoronaMex,simulacion,m7,2020-06-20
2020-04-29,344320,CoronaMex,simulacion,m7,2020-06-20
2020-04-30,362032,CoronaMex,simulacion,m7,2020-06-20
2020-05-01,379943,CoronaMex,simulacion,m7,2020-06-20
2020-05-02,398122,CoronaMex,simulacion,m7,2020-06-20
2020-05-03,416618,CoronaMex,simulacion,m7,2020-06-20
2020-05-04,435464,CoronaMex,simulacion,m7,2020-06-20
2020-05-05,454687,CoronaMex,simulacion,m7,2020-06-20
2020-05-06,474307,CoronaMex,simulacion,m7,2020-06-20
2020-05-07,494340,CoronaMex,simulacion,m7,2020-06-20
2020-05-08,514800,CoronaMex,simulacion,m7,2020-06-20
2020-05-09,535700,CoronaMex,simulacion,m7,2020-06-20
2020-05-10,557051,CoronaMex,simulacion,m7,2020-06-20
2020-05-11,578864,CoronaMex,simulacion,m7,2020-06-20
2020-05-12,601193,CoronaMex,simulacion,m7,2020-06-20
2020-05-13,624263,CoronaMex,simulacion,m7,2020-06-20
2020-05-14,648195,CoronaMex,simulacion,m7,2020-06-20
2020-05-15,672976,CoronaMex,simulacion,m7,2020-06-20
2020-05-16,698574,CoronaMex,simulacion,m7,2020-06-20
2020-05-17,724983,CoronaMex,simulacion,m7,2020-06-20
2020-05-18,752209,CoronaMex,simulacion,m7,2020-06-20
2020-05-19,780265,CoronaMex,simulacion,m7,2020-06-20
2020-05-20,809165,CoronaMex,simulacion,m7,2020-06-20
2020-05-21,838930,CoronaMex,simulacion,m7,2020-06-20
2020-05-22,869578,CoronaMex,simulacion,m7,2020-06-20
2020-05-23,901139,CoronaMex,simulacion,m7,2020-06-20
2020-05-24,933627,CoronaMex,simulacion,m7,2020-06-20
2020-05-25,967075,CoronaMex,simulacion,m7,2020-06-20
2020-05-26,1001509,CoronaMex,simulacion,m7,2020-06-20
2020-05-27,1036956,CoronaMex,simulacion,m7,2020-06-20
2020-05-28,1072340,CoronaMex,simulacion,m7,2020-06-20
2020-05-29,1106883,CoronaMex,simulacion,m7,2020-06-20
2020-05-30,1140892,CoronaMex,simulacion,m7,2020-06-20
2020-05-31,1174585,CoronaMex,simulacion,m7,2020-06-20
2020-06-01,1208087,CoronaMex,simulacion,m7,2020-06-20
2020-06-02,1241485,CoronaMex,simulacion,m7,2020-06-20
2020-06-03,1274848,CoronaMex,simulacion,m7,2020-06-20
2020-06-04,1308213,CoronaMex,simulacion,m7,2020-06-20
2020-06-05,1341609,CoronaMex,simulacion,m7,2020-06-20
2020-06-06,1375056,CoronaMex,simulacion,m7,2020-06-20
2020-06-07,1408565,CoronaMex,simulacion,m7,2020-06-20
2020-06-08,1442144,CoronaMex,simulacion,m7,2020-06-20
2020-06-09,1475799,CoronaMex,simulacion,m7,2020-06-20
2020-06-10,1509532,CoronaMex,simulacion,m7,2020-06-20
2020-06-11,1543346,CoronaMex,simulacion,m7,2020-06-20
2020-06-12,1577242,CoronaMex,simulacion,m7,2020-06-20
2020-06-13,1611220,CoronaMex,simulacion,m7,2020-06-20
2020-06-14,1645281,CoronaMex,simulacion,m7,2020-06-20
2020-06-15,1679424,CoronaMex,simulacion,m7,2020-06-20
2020-06-16,1713649,CoronaMex,simulacion,m7,2020-06-20
2020-06-17,1747955,CoronaMex,simulacion,m7,2020-06-20
2020-06-18,1782343,CoronaMex,simulacion,m7,2020-06-20
2020-06-19,1816811,CoronaMex,simulacion,m7,2020-06-20
2020-06-20,1851359,CoronaMex,simulacion,m7,2020-06-20
2020-02-19,42,CoronaMex,simulacion,m8,2020-06-20
2020-02-20,NA,CoronaMex,simulacion,m8,2020-06-20
2020-02-21,NA,CoronaMex,simulacion,m8,2020-06-20
2020-02-22,NA,CoronaMex,simulacion,m8,2020-06-20
2020-02-23,NA,CoronaMex,simulacion,m8,2020-06-20
2020-02-24,NA,CoronaMex,simulacion,m8,2020-06-20
2020-02-25,NA,CoronaMex,simulacion,m8,2020-06-20
2020-02-26,NA,CoronaMex,simulacion,m8,2020-06-20
2020-02-27,NA,CoronaMex,simulacion,m8,2020-06-20
2020-02-28,NA,CoronaMex,simulacion,m8,2020-06-20
2020-02-29,NA,CoronaMex,simulacion,m8,2020-06-20
2020-03-01,NA,CoronaMex,simulacion,m8,2020-06-20
2020-03-02,NA,CoronaMex,simulacion,m8,2020-06-20
2020-03-03,NA,CoronaMex,simulacion,m8,2020-06-20
2020-03-04,NA,CoronaMex,simulacion,m8,2020-06-20
2020-03-05,NA,CoronaMex,simulacion,m8,2020-06-20
2020-03-06,NA,CoronaMex,simulacion,m8,2020-06-20
2020-03-07,NA,CoronaMex,simulacion,m8,2020-06-20
2020-03-08,NA,CoronaMex,simulacion,m8,2020-06-20
2020-03-09,NA,CoronaMex,simulacion,m8,2020-06-20
2020-03-10,NA,CoronaMex,simulacion,m8,2020-06-20
2020-03-11,NA,CoronaMex,simulacion,m8,2020-06-20
2020-03-12,NA,CoronaMex,simulacion,m8,2020-06-20
2020-03-13,NA,CoronaMex,simulacion,m8,2020-06-20
2020-03-14,NA,CoronaMex,simulacion,m8,2020-06-20
2020-03-15,NA,CoronaMex,simulacion,m8,2020-06-20
2020-03-16,NA,CoronaMex,simulacion,m8,2020-06-20
2020-03-17,NA,CoronaMex,simulacion,m8,2020-06-20
2020-03-18,NA,CoronaMex,simulacion,m8,2020-06-20
2020-03-19,NA,CoronaMex,simulacion,m8,2020-06-20
2020-03-20,NA,CoronaMex,simulacion,m8,2020-06-20
2020-03-21,NA,CoronaMex,simulacion,m8,2020-06-20
2020-03-22,NA,CoronaMex,simulacion,m8,2020-06-20
2020-03-23,NA,CoronaMex,simulacion,m8,2020-06-20
2020-03-24,NA,CoronaMex,simulacion,m8,2020-06-20
2020-03-25,NA,CoronaMex,simulacion,m8,2020-06-20
2020-03-26,NA,CoronaMex,simulacion,m8,2020-06-20
2020-03-27,NA,CoronaMex,simulacion,m8,2020-06-20
2020-03-28,NA,CoronaMex,simulacion,m8,2020-06-20
2020-03-29,NA,CoronaMex,simulacion,m8,2020-06-20
2020-03-30,NA,CoronaMex,simulacion,m8,2020-06-20
2020-03-31,NA,CoronaMex,simulacion,m8,2020-06-20
2020-04-01,NA,CoronaMex,simulacion,m8,2020-06-20
2020-04-02,NA,CoronaMex,simulacion,m8,2020-06-20
2020-04-03,NA,CoronaMex,simulacion,m8,2020-06-20
2020-04-04,NA,CoronaMex,simulacion,m8,2020-06-20
2020-04-05,NA,CoronaMex,simulacion,m8,2020-06-20
2020-04-06,NA,CoronaMex,simulacion,m8,2020-06-20
2020-04-07,NA,CoronaMex,simulacion,m8,2020-06-20
2020-04-08,NA,CoronaMex,simulacion,m8,2020-06-20
2020-04-09,NA,CoronaMex,simulacion,m8,2020-06-20
2020-04-10,NA,CoronaMex,simulacion,m8,2020-06-20
2020-04-11,NA,CoronaMex,simulacion,m8,2020-06-20
2020-04-12,NA,CoronaMex,simulacion,m8,2020-06-20
2020-04-13,NA,CoronaMex,simulacion,m8,2020-06-20
2020-04-14,NA,CoronaMex,simulacion,m8,2020-06-20
2020-04-15,NA,CoronaMex,simulacion,m8,2020-06-20
2020-04-16,NA,CoronaMex,simulacion,m8,2020-06-20
2020-04-17,NA,CoronaMex,simulacion,m8,2020-06-20
2020-04-18,NA,CoronaMex,simulacion,m8,2020-06-20
2020-04-19,NA,CoronaMex,simulacion,m8,2020-06-20
2020-04-20,NA,CoronaMex,simulacion,m8,2020-06-20
2020-04-21,NA,CoronaMex,simulacion,m8,2020-06-20
2020-04-22,NA,CoronaMex,simulacion,m8,2020-06-20
2020-04-23,NA,CoronaMex,simulacion,m8,2020-06-20
2020-04-24,NA,CoronaMex,simulacion,m8,2020-06-20
2020-04-25,NA,CoronaMex,simulacion,m8,2020-06-20
2020-04-26,NA,CoronaMex,simulacion,m8,2020-06-20
2020-04-27,NA,CoronaMex,simulacion,m8,2020-06-20
2020-04-28,NA,CoronaMex,simulacion,m8,2020-06-20
2020-04-29,NA,CoronaMex,simulacion,m8,2020-06-20
2020-04-30,NA,CoronaMex,simulacion,m8,2020-06-20
2020-05-01,NA,CoronaMex,simulacion,m8,2020-06-20
2020-05-02,NA,CoronaMex,simulacion,m8,2020-06-20
2020-05-03,NA,CoronaMex,simulacion,m8,2020-06-20
2020-05-04,NA,CoronaMex,simulacion,m8,2020-06-20
2020-05-05,NA,CoronaMex,simulacion,m8,2020-06-20
2020-05-06,NA,CoronaMex,simulacion,m8,2020-06-20
2020-05-07,NA,CoronaMex,simulacion,m8,2020-06-20
2020-05-08,NA,CoronaMex,simulacion,m8,2020-06-20
2020-05-09,NA,CoronaMex,simulacion,m8,2020-06-20
2020-05-10,NA,CoronaMex,simulacion,m8,2020-06-20
2020-05-11,NA,CoronaMex,simulacion,m8,2020-06-20
2020-05-12,NA,CoronaMex,simulacion,m8,2020-06-20
2020-05-13,NA,CoronaMex,simulacion,m8,2020-06-20
2020-05-14,NA,CoronaMex,simulacion,m8,2020-06-20
2020-05-15,NA,CoronaMex,simulacion,m8,2020-06-20
2020-05-16,NA,CoronaMex,simulacion,m8,2020-06-20
2020-05-17,NA,CoronaMex,simulacion,m8,2020-06-20
2020-05-18,NA,CoronaMex,simulacion,m8,2020-06-20
2020-05-19,NA,CoronaMex,simulacion,m8,2020-06-20
2020-05-20,NA,CoronaMex,simulacion,m8,2020-06-20
2020-05-21,NA,CoronaMex,simulacion,m8,2020-06-20
2020-05-22,NA,CoronaMex,simulacion,m8,2020-06-20
2020-05-23,NA,CoronaMex,simulacion,m8,2020-06-20
2020-05-24,NA,CoronaMex,simulacion,m8,2020-06-20
2020-05-25,NA,CoronaMex,simulacion,m8,2020-06-20
2020-05-26,NA,CoronaMex,simulacion,m8,2020-06-20
2020-05-27,NA,CoronaMex,simulacion,m8,2020-06-20
2020-05-28,NA,CoronaMex,simulacion,m8,2020-06-20
2020-05-29,NA,CoronaMex,simulacion,m8,2020-06-20
2020-05-30,NA,CoronaMex,simulacion,m8,2020-06-20
2020-05-31,NA,CoronaMex,simulacion,m8,2020-06-20
2020-06-01,NA,CoronaMex,simulacion,m8,2020-06-20
2020-06-02,NA,CoronaMex,simulacion,m8,2020-06-20
2020-06-03,NA,CoronaMex,simulacion,m8,2020-06-20
2020-06-04,NA,CoronaMex,simulacion,m8,2020-06-20
2020-06-05,NA,CoronaMex,simulacion,m8,2020-06-20
2020-06-06,NA,CoronaMex,simulacion,m8,2020-06-20
2020-06-07,NA,CoronaMex,simulacion,m8,2020-06-20
2020-06-08,NA,CoronaMex,simulacion,m8,2020-06-20
2020-06-09,NA,CoronaMex,simulacion,m8,2020-06-20
2020-06-10,NA,CoronaMex,simulacion,m8,2020-06-20
2020-06-11,NA,CoronaMex,simulacion,m8,2020-06-20
2020-06-12,NA,CoronaMex,simulacion,m8,2020-06-20
2020-06-13,NA,CoronaMex,simulacion,m8,2020-06-20
2020-06-14,NA,CoronaMex,simulacion,m8,2020-06-20
2020-06-15,NA,CoronaMex,simulacion,m8,2020-06-20
2020-06-16,NA,CoronaMex,simulacion,m8,2020-06-20
2020-06-17,NA,CoronaMex,simulacion,m8,2020-06-20
2020-06-18,NA,CoronaMex,simulacion,m8,2020-06-20
2020-06-19,NA,CoronaMex,simulacion,m8,2020-06-20
2020-06-20,NA,CoronaMex,simulacion,m8,2020-06-20
2020-02-19,42,CoronaMex,simulacion,m9,2020-06-20
2020-02-20,NA,CoronaMex,simulacion,m9,2020-06-20
2020-02-21,NA,CoronaMex,simulacion,m9,2020-06-20
2020-02-22,NA,CoronaMex,simulacion,m9,2020-06-20
2020-02-23,NA,CoronaMex,simulacion,m9,2020-06-20
2020-02-24,NA,CoronaMex,simulacion,m9,2020-06-20
2020-02-25,NA,CoronaMex,simulacion,m9,2020-06-20
2020-02-26,NA,CoronaMex,simulacion,m9,2020-06-20
2020-02-27,NA,CoronaMex,simulacion,m9,2020-06-20
2020-02-28,NA,CoronaMex,simulacion,m9,2020-06-20
2020-02-29,NA,CoronaMex,simulacion,m9,2020-06-20
2020-03-01,NA,CoronaMex,simulacion,m9,2020-06-20
2020-03-02,NA,CoronaMex,simulacion,m9,2020-06-20
2020-03-03,NA,CoronaMex,simulacion,m9,2020-06-20
2020-03-04,NA,CoronaMex,simulacion,m9,2020-06-20
2020-03-05,NA,CoronaMex,simulacion,m9,2020-06-20
2020-03-06,NA,CoronaMex,simulacion,m9,2020-06-20
2020-03-07,NA,CoronaMex,simulacion,m9,2020-06-20
2020-03-08,NA,CoronaMex,simulacion,m9,2020-06-20
2020-03-09,NA,CoronaMex,simulacion,m9,2020-06-20
2020-03-10,NA,CoronaMex,simulacion,m9,2020-06-20
2020-03-11,NA,CoronaMex,simulacion,m9,2020-06-20
2020-03-12,NA,CoronaMex,simulacion,m9,2020-06-20
2020-03-13,NA,CoronaMex,simulacion,m9,2020-06-20
2020-03-14,NA,CoronaMex,simulacion,m9,2020-06-20
2020-03-15,NA,CoronaMex,simulacion,m9,2020-06-20
2020-03-16,NA,CoronaMex,simulacion,m9,2020-06-20
2020-03-17,NA,CoronaMex,simulacion,m9,2020-06-20
2020-03-18,NA,CoronaMex,simulacion,m9,2020-06-20
2020-03-19,NA,CoronaMex,simulacion,m9,2020-06-20
2020-03-20,NA,CoronaMex,simulacion,m9,2020-06-20
2020-03-21,NA,CoronaMex,simulacion,m9,2020-06-20
2020-03-22,NA,CoronaMex,simulacion,m9,2020-06-20
2020-03-23,NA,CoronaMex,simulacion,m9,2020-06-20
2020-03-24,NA,CoronaMex,simulacion,m9,2020-06-20
2020-03-25,NA,CoronaMex,simulacion,m9,2020-06-20
2020-03-26,NA,CoronaMex,simulacion,m9,2020-06-20
2020-03-27,NA,CoronaMex,simulacion,m9,2020-06-20
2020-03-28,NA,CoronaMex,simulacion,m9,2020-06-20
2020-03-29,NA,CoronaMex,simulacion,m9,2020-06-20
2020-03-30,NA,CoronaMex,simulacion,m9,2020-06-20
2020-03-31,NA,CoronaMex,simulacion,m9,2020-06-20
2020-04-01,NA,CoronaMex,simulacion,m9,2020-06-20
2020-04-02,NA,CoronaMex,simulacion,m9,2020-06-20
2020-04-03,NA,CoronaMex,simulacion,m9,2020-06-20
2020-04-04,NA,CoronaMex,simulacion,m9,2020-06-20
2020-04-05,NA,CoronaMex,simulacion,m9,2020-06-20
2020-04-06,NA,CoronaMex,simulacion,m9,2020-06-20
2020-04-07,NA,CoronaMex,simulacion,m9,2020-06-20
2020-04-08,NA,CoronaMex,simulacion,m9,2020-06-20
2020-04-09,NA,CoronaMex,simulacion,m9,2020-06-20
2020-04-10,NA,CoronaMex,simulacion,m9,2020-06-20
2020-04-11,NA,CoronaMex,simulacion,m9,2020-06-20
2020-04-12,NA,CoronaMex,simulacion,m9,2020-06-20
2020-04-13,NA,CoronaMex,simulacion,m9,2020-06-20
2020-04-14,NA,CoronaMex,simulacion,m9,2020-06-20
2020-04-15,NA,CoronaMex,simulacion,m9,2020-06-20
2020-04-16,NA,CoronaMex,simulacion,m9,2020-06-20
2020-04-17,NA,CoronaMex,simulacion,m9,2020-06-20
2020-04-18,NA,CoronaMex,simulacion,m9,2020-06-20
2020-04-19,NA,CoronaMex,simulacion,m9,2020-06-20
2020-04-20,NA,CoronaMex,simulacion,m9,2020-06-20
2020-04-21,NA,CoronaMex,simulacion,m9,2020-06-20
2020-04-22,NA,CoronaMex,simulacion,m9,2020-06-20
2020-04-23,NA,CoronaMex,simulacion,m9,2020-06-20
2020-04-24,NA,CoronaMex,simulacion,m9,2020-06-20
2020-04-25,NA,CoronaMex,simulacion,m9,2020-06-20
2020-04-26,NA,CoronaMex,simulacion,m9,2020-06-20
2020-04-27,NA,CoronaMex,simulacion,m9,2020-06-20
2020-04-28,NA,CoronaMex,simulacion,m9,2020-06-20
2020-04-29,NA,CoronaMex,simulacion,m9,2020-06-20
2020-04-30,NA,CoronaMex,simulacion,m9,2020-06-20
2020-05-01,NA,CoronaMex,simulacion,m9,2020-06-20
2020-05-02,NA,CoronaMex,simulacion,m9,2020-06-20
2020-05-03,NA,CoronaMex,simulacion,m9,2020-06-20
2020-05-04,NA,CoronaMex,simulacion,m9,2020-06-20
2020-05-05,NA,CoronaMex,simulacion,m9,2020-06-20
2020-05-06,NA,CoronaMex,simulacion,m9,2020-06-20
2020-05-07,NA,CoronaMex,simulacion,m9,2020-06-20
2020-05-08,NA,CoronaMex,simulacion,m9,2020-06-20
2020-05-09,NA,CoronaMex,simulacion,m9,2020-06-20
2020-05-10,NA,CoronaMex,simulacion,m9,2020-06-20
2020-05-11,NA,CoronaMex,simulacion,m9,2020-06-20
2020-05-12,NA,CoronaMex,simulacion,m9,2020-06-20
2020-05-13,NA,CoronaMex,simulacion,m9,2020-06-20
2020-05-14,NA,CoronaMex,simulacion,m9,2020-06-20
2020-05-15,NA,CoronaMex,simulacion,m9,2020-06-20
2020-05-16,NA,CoronaMex,simulacion,m9,2020-06-20
2020-05-17,NA,CoronaMex,simulacion,m9,2020-06-20
2020-05-18,NA,CoronaMex,simulacion,m9,2020-06-20
2020-05-19,NA,CoronaMex,simulacion,m9,2020-06-20
2020-05-20,NA,CoronaMex,simulacion,m9,2020-06-20
2020-05-21,NA,CoronaMex,simulacion,m9,2020-06-20
2020-05-22,NA,CoronaMex,simulacion,m9,2020-06-20
2020-05-23,NA,CoronaMex,simulacion,m9,2020-06-20
2020-05-24,NA,CoronaMex,simulacion,m9,2020-06-20
2020-05-25,NA,CoronaMex,simulacion,m9,2020-06-20
2020-05-26,NA,CoronaMex,simulacion,m9,2020-06-20
2020-05-27,NA,CoronaMex,simulacion,m9,2020-06-20
2020-05-28,NA,CoronaMex,simulacion,m9,2020-06-20
2020-05-29,NA,CoronaMex,simulacion,m9,2020-06-20
2020-05-30,NA,CoronaMex,simulacion,m9,2020-06-20
2020-05-31,NA,CoronaMex,simulacion,m9,2020-06-20
2020-06-01,NA,CoronaMex,simulacion,m9,2020-06-20
2020-06-02,NA,CoronaMex,simulacion,m9,2020-06-20
2020-06-03,NA,CoronaMex,simulacion,m9,2020-06-20
2020-06-04,NA,CoronaMex,simulacion,m9,2020-06-20
2020-06-05,NA,CoronaMex,simulacion,m9,2020-06-20
2020-06-06,NA,CoronaMex,simulacion,m9,2020-06-20
2020-06-07,NA,CoronaMex,simulacion,m9,2020-06-20
2020-06-08,NA,CoronaMex,simulacion,m9,2020-06-20
2020-06-09,NA,CoronaMex,simulacion,m9,2020-06-20
2020-06-10,NA,CoronaMex,simulacion,m9,2020-06-20
2020-06-11,NA,CoronaMex,simulacion,m9,2020-06-20
2020-06-12,NA,CoronaMex,simulacion,m9,2020-06-20
2020-06-13,NA,CoronaMex,simulacion,m9,2020-06-20
2020-06-14,NA,CoronaMex,simulacion,m9,2020-06-20
2020-06-15,NA,CoronaMex,simulacion,m9,2020-06-20
2020-06-16,NA,CoronaMex,simulacion,m9,2020-06-20
2020-06-17,NA,CoronaMex,simulacion,m9,2020-06-20
2020-06-18,NA,CoronaMex,simulacion,m9,2020-06-20
2020-06-19,NA,CoronaMex,simulacion,m9,2020-06-20
2020-06-20,NA,CoronaMex,simulacion,m9,2020-06-20
2020-02-17,83,SSA,simulacion,m1,2020-06-20
2020-02-18,91,SSA,simulacion,m1,2020-06-20
2020-02-19,111,SSA,simulacion,m1,2020-06-20
2020-02-20,137,SSA,simulacion,m1,2020-06-20
2020-02-21,167,SSA,simulacion,m1,2020-06-20
2020-02-22,202,SSA,simulacion,m1,2020-06-20
2020-02-23,243,SSA,simulacion,m1,2020-06-20
2020-02-24,290,SSA,simulacion,m1,2020-06-20
2020-02-25,344,SSA,simulacion,m1,2020-06-20
2020-02-26,406,SSA,simulacion,m1,2020-06-20
2020-02-27,477,SSA,simulacion,m1,2020-06-20
2020-02-28,558,SSA,simulacion,m1,2020-06-20
2020-02-29,651,SSA,simulacion,m1,2020-06-20
2020-03-01,756,SSA,simulacion,m1,2020-06-20
2020-03-02,877,SSA,simulacion,m1,2020-06-20
2020-03-03,1016,SSA,simulacion,m1,2020-06-20
2020-03-04,1174,SSA,simulacion,m1,2020-06-20
2020-03-05,1354,SSA,simulacion,m1,2020-06-20
2020-03-06,1561,SSA,simulacion,m1,2020-06-20
2020-03-07,1797,SSA,simulacion,m1,2020-06-20
2020-03-08,2067,SSA,simulacion,m1,2020-06-20
2020-03-09,2376,SSA,simulacion,m1,2020-06-20
2020-03-10,2728,SSA,simulacion,m1,2020-06-20
2020-03-11,3132,SSA,simulacion,m1,2020-06-20
2020-03-12,3593,SSA,simulacion,m1,2020-06-20
2020-03-13,4120,SSA,simulacion,m1,2020-06-20
2020-03-14,4721,SSA,simulacion,m1,2020-06-20
2020-03-15,5406,SSA,simulacion,m1,2020-06-20
2020-03-16,6185,SSA,simulacion,m1,2020-06-20
2020-03-17,7072,SSA,simulacion,m1,2020-06-20
2020-03-18,8082,SSA,simulacion,m1,2020-06-20
2020-03-19,9232,SSA,simulacion,m1,2020-06-20
2020-03-20,10537,SSA,simulacion,m1,2020-06-20
2020-03-21,12032,SSA,simulacion,m1,2020-06-20
2020-03-22,13726,SSA,simulacion,m1,2020-06-20
2020-03-23,15655,SSA,simulacion,m1,2020-06-20
2020-03-24,17851,SSA,simulacion,m1,2020-06-20
2020-03-25,20352,SSA,simulacion,m1,2020-06-20
2020-03-26,23198,SSA,simulacion,m1,2020-06-20
2020-03-27,26438,SSA,simulacion,m1,2020-06-20
2020-03-28,30126,SSA,simulacion,m1,2020-06-20
2020-03-29,34226,SSA,simulacion,m1,2020-06-20
2020-03-30,38535,SSA,simulacion,m1,2020-06-20
2020-03-31,42947,SSA,simulacion,m1,2020-06-20
2020-04-01,47535,SSA,simulacion,m1,2020-06-20
2020-04-02,52333,SSA,simulacion,m1,2020-06-20
2020-04-03,57339,SSA,simulacion,m1,2020-06-20
2020-04-04,62570,SSA,simulacion,m1,2020-06-20
2020-04-05,68040,SSA,simulacion,m1,2020-06-20
2020-04-06,73758,SSA,simulacion,m1,2020-06-20
2020-04-07,79737,SSA,simulacion,m1,2020-06-20
2020-04-08,85990,SSA,simulacion,m1,2020-06-20
2020-04-09,92527,SSA,simulacion,m1,2020-06-20
2020-04-10,99363,SSA,simulacion,m1,2020-06-20
2020-04-11,106509,SSA,simulacion,m1,2020-06-20
2020-04-12,113981,SSA,simulacion,m1,2020-06-20
2020-04-13,121792,SSA,simulacion,m1,2020-06-20
2020-04-14,129960,SSA,simulacion,m1,2020-06-20
2020-04-15,138499,SSA,simulacion,m1,2020-06-20
2020-04-16,147427,SSA,simulacion,m1,2020-06-20
2020-04-17,156761,SSA,simulacion,m1,2020-06-20
2020-04-18,166520,SSA,simulacion,m1,2020-06-20
2020-04-19,176722,SSA,simulacion,m1,2020-06-20
2020-04-20,187387,SSA,simulacion,m1,2020-06-20
2020-04-21,198537,SSA,simulacion,m1,2020-06-20
2020-04-22,210193,SSA,simulacion,m1,2020-06-20
2020-04-23,222377,SSA,simulacion,m1,2020-06-20
2020-04-24,235114,SSA,simulacion,m1,2020-06-20
2020-04-25,248428,SSA,simulacion,m1,2020-06-20
2020-04-26,262345,SSA,simulacion,m1,2020-06-20
2020-04-27,276892,SSA,simulacion,m1,2020-06-20
2020-04-28,292098,SSA,simulacion,m1,2020-06-20
2020-04-29,307990,SSA,simulacion,m1,2020-06-20
2020-04-30,324601,SSA,simulacion,m1,2020-06-20
2020-05-01,341962,SSA,simulacion,m1,2020-06-20
2020-05-02,360106,SSA,simulacion,m1,2020-06-20
2020-02-17,83,SSA,simulacion,m2,2020-06-20
2020-02-18,90,SSA,simulacion,m2,2020-06-20
2020-02-19,108,SSA,simulacion,m2,2020-06-20
2020-02-20,132,SSA,simulacion,m2,2020-06-20
2020-02-21,161,SSA,simulacion,m2,2020-06-20
2020-02-22,194,SSA,simulacion,m2,2020-06-20
2020-02-23,233,SSA,simulacion,m2,2020-06-20
2020-02-24,278,SSA,simulacion,m2,2020-06-20
2020-02-25,330,SSA,simulacion,m2,2020-06-20
2020-02-26,390,SSA,simulacion,m2,2020-06-20
2020-02-27,458,SSA,simulacion,m2,2020-06-20
2020-02-28,537,SSA,simulacion,m2,2020-06-20
2020-02-29,628,SSA,simulacion,m2,2020-06-20
2020-03-01,732,SSA,simulacion,m2,2020-06-20
2020-03-02,851,SSA,simulacion,m2,2020-06-20
2020-03-03,989,SSA,simulacion,m2,2020-06-20
2020-03-04,1147,SSA,simulacion,m2,2020-06-20
2020-03-05,1328,SSA,simulacion,m2,2020-06-20
2020-03-06,1536,SSA,simulacion,m2,2020-06-20
2020-03-07,1775,SSA,simulacion,m2,2020-06-20
2020-03-08,2050,SSA,simulacion,m2,2020-06-20
2020-03-09,2366,SSA,simulacion,m2,2020-06-20
2020-03-10,2728,SSA,simulacion,m2,2020-06-20
2020-03-11,3145,SSA,simulacion,m2,2020-06-20
2020-03-12,3623,SSA,simulacion,m2,2020-06-20
2020-03-13,4172,SSA,simulacion,m2,2020-06-20
2020-03-14,4797,SSA,simulacion,m2,2020-06-20
2020-03-15,5508,SSA,simulacion,m2,2020-06-20
2020-03-16,6314,SSA,simulacion,m2,2020-06-20
2020-03-17,7231,SSA,simulacion,m2,2020-06-20
2020-03-18,8273,SSA,simulacion,m2,2020-06-20
2020-03-19,9459,SSA,simulacion,m2,2020-06-20
2020-03-20,10806,SSA,simulacion,m2,2020-06-20
2020-03-21,12338,SSA,simulacion,m2,2020-06-20
2020-03-22,14079,SSA,simulacion,m2,2020-06-20
2020-03-23,16056,SSA,simulacion,m2,2020-06-20
2020-03-24,18305,SSA,simulacion,m2,2020-06-20
2020-03-25,20861,SSA,simulacion,m2,2020-06-20
2020-03-26,23767,SSA,simulacion,m2,2020-06-20
2020-03-27,27071,SSA,simulacion,m2,2020-06-20
2020-03-28,30801,SSA,simulacion,m2,2020-06-20
2020-03-29,34820,SSA,simulacion,m2,2020-06-20
2020-03-30,38968,SSA,simulacion,m2,2020-06-20
2020-03-31,43271,SSA,simulacion,m2,2020-06-20
2020-04-01,47777,SSA,simulacion,m2,2020-06-20
2020-04-02,52491,SSA,simulacion,m2,2020-06-20
2020-04-03,57426,SSA,simulacion,m2,2020-06-20
2020-04-04,62597,SSA,simulacion,m2,2020-06-20
2020-04-05,68015,SSA,simulacion,m2,2020-06-20
2020-04-06,73692,SSA,simulacion,m2,2020-06-20
2020-04-07,79641,SSA,simulacion,m2,2020-06-20
2020-04-08,85874,SSA,simulacion,m2,2020-06-20
2020-04-09,92406,SSA,simulacion,m2,2020-06-20
2020-04-10,99250,SSA,simulacion,m2,2020-06-20
2020-04-11,106422,SSA,simulacion,m2,2020-06-20
2020-04-12,113937,SSA,simulacion,m2,2020-06-20
2020-04-13,121811,SSA,simulacion,m2,2020-06-20
2020-04-14,130062,SSA,simulacion,m2,2020-06-20
2020-04-15,138708,SSA,simulacion,m2,2020-06-20
2020-04-16,147767,SSA,simulacion,m2,2020-06-20
2020-04-17,157258,SSA,simulacion,m2,2020-06-20
2020-04-18,167203,SSA,simulacion,m2,2020-06-20
2020-04-19,177622,SSA,simulacion,m2,2020-06-20
2020-04-20,188539,SSA,simulacion,m2,2020-06-20
2020-04-21,199976,SSA,simulacion,m2,2020-06-20
2020-04-22,211959,SSA,simulacion,m2,2020-06-20
2020-04-23,224513,SSA,simulacion,m2,2020-06-20
2020-04-24,237665,SSA,simulacion,m2,2020-06-20
2020-04-25,251443,SSA,simulacion,m2,2020-06-20
2020-04-26,265877,SSA,simulacion,m2,2020-06-20
2020-04-27,280997,SSA,simulacion,m2,2020-06-20
2020-04-28,296836,SSA,simulacion,m2,2020-06-20
2020-04-29,313428,SSA,simulacion,m2,2020-06-20
2020-04-30,330808,SSA,simulacion,m2,2020-06-20
2020-05-01,349012,SSA,simulacion,m2,2020-06-20
2020-05-02,368079,SSA,simulacion,m2,2020-06-20
2020-02-17,83,SSA,simulacion,m3,2020-06-20
2020-02-18,89,SSA,simulacion,m3,2020-06-20
2020-02-19,106,SSA,simulacion,m3,2020-06-20
2020-02-20,129,SSA,simulacion,m3,2020-06-20
2020-02-21,156,SSA,simulacion,m3,2020-06-20
2020-02-22,187,SSA,simulacion,m3,2020-06-20
2020-02-23,225,SSA,simulacion,m3,2020-06-20
2020-02-24,268,SSA,simulacion,m3,2020-06-20
2020-02-25,318,SSA,simulacion,m3,2020-06-20
2020-02-26,375,SSA,simulacion,m3,2020-06-20
2020-02-27,442,SSA,simulacion,m3,2020-06-20
2020-02-28,518,SSA,simulacion,m3,2020-06-20
2020-02-29,606,SSA,simulacion,m3,2020-06-20
2020-03-01,707,SSA,simulacion,m3,2020-06-20
2020-03-02,824,SSA,simulacion,m3,2020-06-20
2020-03-03,959,SSA,simulacion,m3,2020-06-20
2020-03-04,1114,SSA,simulacion,m3,2020-06-20
2020-03-05,1292,SSA,simulacion,m3,2020-06-20
2020-03-06,1498,SSA,simulacion,m3,2020-06-20
2020-03-07,1735,SSA,simulacion,m3,2020-06-20
2020-03-08,2008,SSA,simulacion,m3,2020-06-20
2020-03-09,2322,SSA,simulacion,m3,2020-06-20
2020-03-10,2684,SSA,simulacion,m3,2020-06-20
2020-03-11,3102,SSA,simulacion,m3,2020-06-20
2020-03-12,3582,SSA,simulacion,m3,2020-06-20
2020-03-13,4136,SSA,simulacion,m3,2020-06-20
2020-03-14,4768,SSA,simulacion,m3,2020-06-20
2020-03-15,5485,SSA,simulacion,m3,2020-06-20
2020-03-16,6298,SSA,simulacion,m3,2020-06-20
2020-03-17,7220,SSA,simulacion,m3,2020-06-20
2020-03-18,8266,SSA,simulacion,m3,2020-06-20
2020-03-19,9455,SSA,simulacion,m3,2020-06-20
2020-03-20,10803,SSA,simulacion,m3,2020-06-20
2020-03-21,12334,SSA,simulacion,m3,2020-06-20
2020-03-22,14070,SSA,simulacion,m3,2020-06-20
2020-03-23,16041,SSA,simulacion,m3,2020-06-20
2020-03-24,18279,SSA,simulacion,m3,2020-06-20
2020-03-25,20820,SSA,simulacion,m3,2020-06-20
2020-03-26,23703,SSA,simulacion,m3,2020-06-20
2020-03-27,26977,SSA,simulacion,m3,2020-06-20
2020-03-28,30692,SSA,simulacion,m3,2020-06-20
2020-03-29,34790,SSA,simulacion,m3,2020-06-20
2020-03-30,39068,SSA,simulacion,m3,2020-06-20
2020-03-31,43461,SSA,simulacion,m3,2020-06-20
2020-04-01,48028,SSA,simulacion,m3,2020-06-20
2020-04-02,52780,SSA,simulacion,m3,2020-06-20
2020-04-03,57726,SSA,simulacion,m3,2020-06-20
2020-04-04,62880,SSA,simulacion,m3,2020-06-20
2020-04-05,68252,SSA,simulacion,m3,2020-06-20
2020-04-06,73851,SSA,simulacion,m3,2020-06-20
2020-04-07,79687,SSA,simulacion,m3,2020-06-20
2020-04-08,85770,SSA,simulacion,m3,2020-06-20
2020-04-09,92112,SSA,simulacion,m3,2020-06-20
2020-04-10,98722,SSA,simulacion,m3,2020-06-20
2020-04-11,105612,SSA,simulacion,m3,2020-06-20
2020-04-12,112793,SSA,simulacion,m3,2020-06-20
2020-04-13,120279,SSA,simulacion,m3,2020-06-20
2020-04-14,128082,SSA,simulacion,m3,2020-06-20
2020-04-15,136215,SSA,simulacion,m3,2020-06-20
2020-04-16,144692,SSA,simulacion,m3,2020-06-20
2020-04-17,153527,SSA,simulacion,m3,2020-06-20
2020-04-18,162737,SSA,simulacion,m3,2020-06-20
2020-04-19,172335,SSA,simulacion,m3,2020-06-20
2020-04-20,182340,SSA,simulacion,m3,2020-06-20
2020-04-21,192767,SSA,simulacion,m3,2020-06-20
2020-04-22,203634,SSA,simulacion,m3,2020-06-20
2020-04-23,214960,SSA,simulacion,m3,2020-06-20
2020-04-24,226764,SSA,simulacion,m3,2020-06-20
2020-04-25,239066,SSA,simulacion,m3,2020-06-20
2020-04-26,251886,SSA,simulacion,m3,2020-06-20
2020-04-27,265246,SSA,simulacion,m3,2020-06-20
2020-04-28,279170,SSA,simulacion,m3,2020-06-20
2020-04-29,293679,SSA,simulacion,m3,2020-06-20
2020-04-30,308799,SSA,simulacion,m3,2020-06-20
2020-05-01,324554,SSA,simulacion,m3,2020-06-20
2020-05-02,340972,SSA,simulacion,m3,2020-06-20
2020-02-17,83,SSA,simulacion,m4,2020-06-20
2020-02-18,89,SSA,simulacion,m4,2020-06-20
2020-02-19,105,SSA,simulacion,m4,2020-06-20
2020-02-20,128,SSA,simulacion,m4,2020-06-20
2020-02-21,156,SSA,simulacion,m4,2020-06-20
2020-02-22,188,SSA,simulacion,m4,2020-06-20
2020-02-23,227,SSA,simulacion,m4,2020-06-20
2020-02-24,271,SSA,simulacion,m4,2020-06-20
2020-02-25,322,SSA,simulacion,m4,2020-06-20
2020-02-26,382,SSA,simulacion,m4,2020-06-20
2020-02-27,450,SSA,simulacion,m4,2020-06-20
2020-02-28,528,SSA,simulacion,m4,2020-06-20
2020-02-29,619,SSA,simulacion,m4,2020-06-20
2020-03-01,723,SSA,simulacion,m4,2020-06-20
2020-03-02,843,SSA,simulacion,m4,2020-06-20
2020-03-03,982,SSA,simulacion,m4,2020-06-20
2020-03-04,1141,SSA,simulacion,m4,2020-06-20
2020-03-05,1325,SSA,simulacion,m4,2020-06-20
2020-03-06,1536,SSA,simulacion,m4,2020-06-20
2020-03-07,1779,SSA,simulacion,m4,2020-06-20
2020-03-08,2060,SSA,simulacion,m4,2020-06-20
2020-03-09,2383,SSA,simulacion,m4,2020-06-20
2020-03-10,2755,SSA,simulacion,m4,2020-06-20
2020-03-11,3183,SSA,simulacion,m4,2020-06-20
2020-03-12,3677,SSA,simulacion,m4,2020-06-20
2020-03-13,4242,SSA,simulacion,m4,2020-06-20
2020-03-14,4884,SSA,simulacion,m4,2020-06-20
2020-03-15,5609,SSA,simulacion,m4,2020-06-20
2020-03-16,6428,SSA,simulacion,m4,2020-06-20
2020-03-17,7355,SSA,simulacion,m4,2020-06-20
2020-03-18,8406,SSA,simulacion,m4,2020-06-20
2020-03-19,9598,SSA,simulacion,m4,2020-06-20
2020-03-20,10949,SSA,simulacion,m4,2020-06-20
2020-03-21,12480,SSA,simulacion,m4,2020-06-20
2020-03-22,14214,SSA,simulacion,m4,2020-06-20
2020-03-23,16180,SSA,simulacion,m4,2020-06-20
2020-03-24,18409,SSA,simulacion,m4,2020-06-20
2020-03-25,20936,SSA,simulacion,m4,2020-06-20
2020-03-26,23801,SSA,simulacion,m4,2020-06-20
2020-03-27,27048,SSA,simulacion,m4,2020-06-20
2020-03-28,30728,SSA,simulacion,m4,2020-06-20
2020-03-29,34798,SSA,simulacion,m4,2020-06-20
2020-03-30,39051,SSA,simulacion,m4,2020-06-20
2020-03-31,43388,SSA,simulacion,m4,2020-06-20
2020-04-01,47898,SSA,simulacion,m4,2020-06-20
2020-04-02,52616,SSA,simulacion,m4,2020-06-20
2020-04-03,57549,SSA,simulacion,m4,2020-06-20
2020-04-04,62718,SSA,simulacion,m4,2020-06-20
2020-04-05,68140,SSA,simulacion,m4,2020-06-20
2020-04-06,73828,SSA,simulacion,m4,2020-06-20
2020-04-07,79798,SSA,simulacion,m4,2020-06-20
2020-04-08,86061,SSA,simulacion,m4,2020-06-20
2020-04-09,92635,SSA,simulacion,m4,2020-06-20
2020-04-10,99531,SSA,simulacion,m4,2020-06-20
2020-04-11,106769,SSA,simulacion,m4,2020-06-20
2020-04-12,114365,SSA,simulacion,m4,2020-06-20
2020-04-13,122336,SSA,simulacion,m4,2020-06-20
2020-04-14,130701,SSA,simulacion,m4,2020-06-20
2020-04-15,139479,SSA,simulacion,m4,2020-06-20
2020-04-16,148690,SSA,simulacion,m4,2020-06-20
2020-04-17,158356,SSA,simulacion,m4,2020-06-20
2020-04-18,168498,SSA,simulacion,m4,2020-06-20
2020-04-19,179141,SSA,simulacion,m4,2020-06-20
2020-04-20,190308,SSA,simulacion,m4,2020-06-20
2020-04-21,202026,SSA,simulacion,m4,2020-06-20
2020-04-22,214321,SSA,simulacion,m4,2020-06-20
2020-04-23,227222,SSA,simulacion,m4,2020-06-20
2020-04-24,240757,SSA,simulacion,m4,2020-06-20
2020-04-25,254958,SSA,simulacion,m4,2020-06-20
2020-04-26,269857,SSA,simulacion,m4,2020-06-20
2020-04-27,285489,SSA,simulacion,m4,2020-06-20
2020-04-28,301888,SSA,simulacion,m4,2020-06-20
2020-04-29,319092,SSA,simulacion,m4,2020-06-20
2020-04-30,337140,SSA,simulacion,m4,2020-06-20
2020-05-01,356073,SSA,simulacion,m4,2020-06-20
2020-05-02,375934,SSA,simulacion,m4,2020-06-20
2020-02-17,83,SSA,simulacion,m5,2020-06-20
2020-02-18,88,SSA,simulacion,m5,2020-06-20
2020-02-19,103,SSA,simulacion,m5,2020-06-20
2020-02-20,124,SSA,simulacion,m5,2020-06-20
2020-02-21,150,SSA,simulacion,m5,2020-06-20
2020-02-22,180,SSA,simulacion,m5,2020-06-20
2020-02-23,216,SSA,simulacion,m5,2020-06-20
2020-02-24,258,SSA,simulacion,m5,2020-06-20
2020-02-25,306,SSA,simulacion,m5,2020-06-20
2020-02-26,362,SSA,simulacion,m5,2020-06-20
2020-02-27,427,SSA,simulacion,m5,2020-06-20
2020-02-28,502,SSA,simulacion,m5,2020-06-20
2020-02-29,588,SSA,simulacion,m5,2020-06-20
2020-03-01,687,SSA,simulacion,m5,2020-06-20
2020-03-02,802,SSA,simulacion,m5,2020-06-20
2020-03-03,934,SSA,simulacion,m5,2020-06-20
2020-03-04,1087,SSA,simulacion,m5,2020-06-20
2020-03-05,1263,SSA,simulacion,m5,2020-06-20
2020-03-06,1466,SSA,simulacion,m5,2020-06-20
2020-03-07,1701,SSA,simulacion,m5,2020-06-20
2020-03-08,1972,SSA,simulacion,m5,2020-06-20
2020-03-09,2285,SSA,simulacion,m5,2020-06-20
2020-03-10,2645,SSA,simulacion,m5,2020-06-20
2020-03-11,3061,SSA,simulacion,m5,2020-06-20
2020-03-12,3542,SSA,simulacion,m5,2020-06-20
2020-03-13,4094,SSA,simulacion,m5,2020-06-20
2020-03-14,4724,SSA,simulacion,m5,2020-06-20
2020-03-15,5438,SSA,simulacion,m5,2020-06-20
2020-03-16,6246,SSA,simulacion,m5,2020-06-20
2020-03-17,7164,SSA,simulacion,m5,2020-06-20
2020-03-18,8207,SSA,simulacion,m5,2020-06-20
2020-03-19,9390,SSA,simulacion,m5,2020-06-20
2020-03-20,10737,SSA,simulacion,m5,2020-06-20
2020-03-21,12266,SSA,simulacion,m5,2020-06-20
2020-03-22,14004,SSA,simulacion,m5,2020-06-20
2020-03-23,15979,SSA,simulacion,m5,2020-06-20
2020-03-24,18223,SSA,simulacion,m5,2020-06-20
2020-03-25,20774,SSA,simulacion,m5,2020-06-20
2020-03-26,23672,SSA,simulacion,m5,2020-06-20
2020-03-27,26966,SSA,simulacion,m5,2020-06-20
2020-03-28,30702,SSA,simulacion,m5,2020-06-20
2020-03-29,34773,SSA,simulacion,m5,2020-06-20
2020-03-30,38976,SSA,simulacion,m5,2020-06-20
2020-03-31,43293,SSA,simulacion,m5,2020-06-20
2020-04-01,47795,SSA,simulacion,m5,2020-06-20
2020-04-02,52498,SSA,simulacion,m5,2020-06-20
2020-04-03,57418,SSA,simulacion,m5,2020-06-20
2020-04-04,62573,SSA,simulacion,m5,2020-06-20
2020-04-05,67977,SSA,simulacion,m5,2020-06-20
2020-04-06,73644,SSA,simulacion,m5,2020-06-20
2020-04-07,79587,SSA,simulacion,m5,2020-06-20
2020-04-08,85821,SSA,simulacion,m5,2020-06-20
2020-04-09,92361,SSA,simulacion,m5,2020-06-20
2020-04-10,99220,SSA,simulacion,m5,2020-06-20
2020-04-11,106415,SSA,simulacion,m5,2020-06-20
2020-04-12,113962,SSA,simulacion,m5,2020-06-20
2020-04-13,121876,SSA,simulacion,m5,2020-06-20
2020-04-14,130179,SSA,simulacion,m5,2020-06-20
2020-04-15,138887,SSA,simulacion,m5,2020-06-20
2020-04-16,148021,SSA,simulacion,m5,2020-06-20
2020-04-17,157601,SSA,simulacion,m5,2020-06-20
2020-04-18,167649,SSA,simulacion,m5,2020-06-20
2020-04-19,178189,SSA,simulacion,m5,2020-06-20
2020-04-20,189242,SSA,simulacion,m5,2020-06-20
2020-04-21,200836,SSA,simulacion,m5,2020-06-20
2020-04-22,212995,SSA,simulacion,m5,2020-06-20
2020-04-23,225747,SSA,simulacion,m5,2020-06-20
2020-04-24,239121,SSA,simulacion,m5,2020-06-20
2020-04-25,253146,SSA,simulacion,m5,2020-06-20
2020-04-26,267855,SSA,simulacion,m5,2020-06-20
2020-04-27,283279,SSA,simulacion,m5,2020-06-20
2020-04-28,299455,SSA,simulacion,m5,2020-06-20
2020-04-29,316417,SSA,simulacion,m5,2020-06-20
2020-04-30,334203,SSA,simulacion,m5,2020-06-20
2020-05-01,352854,SSA,simulacion,m5,2020-06-20
2020-05-02,372409,SSA,simulacion,m5,2020-06-20
2020-02-17,83,SSA,simulacion,m6,2020-06-20
2020-02-18,88,SSA,simulacion,m6,2020-06-20
2020-02-19,102,SSA,simulacion,m6,2020-06-20
2020-02-20,121,SSA,simulacion,m6,2020-06-20
2020-02-21,146,SSA,simulacion,m6,2020-06-20
2020-02-22,176,SSA,simulacion,m6,2020-06-20
2020-02-23,211,SSA,simulacion,m6,2020-06-20
2020-02-24,251,SSA,simulacion,m6,2020-06-20
2020-02-25,299,SSA,simulacion,m6,2020-06-20
2020-02-26,353,SSA,simulacion,m6,2020-06-20
2020-02-27,417,SSA,simulacion,m6,2020-06-20
2020-02-28,491,SSA,simulacion,m6,2020-06-20
2020-02-29,576,SSA,simulacion,m6,2020-06-20
2020-03-01,675,SSA,simulacion,m6,2020-06-20
2020-03-02,790,SSA,simulacion,m6,2020-06-20
2020-03-03,923,SSA,simulacion,m6,2020-06-20
2020-03-04,1077,SSA,simulacion,m6,2020-06-20
2020-03-05,1255,SSA,simulacion,m6,2020-06-20
2020-03-06,1461,SSA,simulacion,m6,2020-06-20
2020-03-07,1700,SSA,simulacion,m6,2020-06-20
2020-03-08,1977,SSA,simulacion,m6,2020-06-20
2020-03-09,2298,SSA,simulacion,m6,2020-06-20
2020-03-10,2669,SSA,simulacion,m6,2020-06-20
2020-03-11,3100,SSA,simulacion,m6,2020-06-20
2020-03-12,3598,SSA,simulacion,m6,2020-06-20
2020-03-13,4174,SSA,simulacion,m6,2020-06-20
2020-03-14,4832,SSA,simulacion,m6,2020-06-20
2020-03-15,5574,SSA,simulacion,m6,2020-06-20
2020-03-16,6410,SSA,simulacion,m6,2020-06-20
2020-03-17,7354,SSA,simulacion,m6,2020-06-20
2020-03-18,8421,SSA,simulacion,m6,2020-06-20
2020-03-19,9628,SSA,simulacion,m6,2020-06-20
2020-03-20,10993,SSA,simulacion,m6,2020-06-20
2020-03-21,12539,SSA,simulacion,m6,2020-06-20
2020-03-22,14287,SSA,simulacion,m6,2020-06-20
2020-03-23,16268,SSA,simulacion,m6,2020-06-20
2020-03-24,18505,SSA,simulacion,m6,2020-06-20
2020-03-25,21037,SSA,simulacion,m6,2020-06-20
2020-03-26,23902,SSA,simulacion,m6,2020-06-20
2020-03-27,27143,SSA,simulacion,m6,2020-06-20
2020-03-28,30806,SSA,simulacion,m6,2020-06-20
2020-03-29,34804,SSA,simulacion,m6,2020-06-20
2020-03-30,38954,SSA,simulacion,m6,2020-06-20
2020-03-31,43239,SSA,simulacion,m6,2020-06-20
2020-04-01,47716,SSA,simulacion,m6,2020-06-20
2020-04-02,52403,SSA,simulacion,m6,2020-06-20
2020-04-03,57316,SSA,simulacion,m6,2020-06-20
2020-04-04,62472,SSA,simulacion,m6,2020-06-20
2020-04-05,67887,SSA,simulacion,m6,2020-06-20
2020-04-06,73576,SSA,simulacion,m6,2020-06-20
2020-04-07,79552,SSA,simulacion,m6,2020-06-20
2020-04-08,85831,SSA,simulacion,m6,2020-06-20
2020-04-09,92429,SSA,simulacion,m6,2020-06-20
2020-04-10,99360,SSA,simulacion,m6,2020-06-20
2020-04-11,106643,SSA,simulacion,m6,2020-06-20
2020-04-12,114295,SSA,simulacion,m6,2020-06-20
2020-04-13,122336,SSA,simulacion,m6,2020-06-20
2020-04-14,130785,SSA,simulacion,m6,2020-06-20
2020-04-15,139662,SSA,simulacion,m6,2020-06-20
2020-04-16,148990,SSA,simulacion,m6,2020-06-20
2020-04-17,158790,SSA,simulacion,m6,2020-06-20
2020-04-18,169087,SSA,simulacion,m6,2020-06-20
2020-04-19,179905,SSA,simulacion,m6,2020-06-20
2020-04-20,191272,SSA,simulacion,m6,2020-06-20
2020-04-21,203214,SSA,simulacion,m6,2020-06-20
2020-04-22,215760,SSA,simulacion,m6,2020-06-20
2020-04-23,228941,SSA,simulacion,m6,2020-06-20
2020-04-24,242788,SSA,simulacion,m6,2020-06-20
2020-04-25,257336,SSA,simulacion,m6,2020-06-20
2020-04-26,272618,SSA,simulacion,m6,2020-06-20
2020-04-27,288672,SSA,simulacion,m6,2020-06-20
2020-04-28,305537,SSA,simulacion,m6,2020-06-20
2020-04-29,323252,SSA,simulacion,m6,2020-06-20
2020-04-30,341861,SSA,simulacion,m6,2020-06-20
2020-05-01,361407,SSA,simulacion,m6,2020-06-20
2020-05-02,381938,SSA,simulacion,m6,2020-06-20
2020-02-17,83,SSA,simulacion,m7,2020-06-20
2020-02-18,88,SSA,simulacion,m7,2020-06-20
2020-02-19,103,SSA,simulacion,m7,2020-06-20
2020-02-20,123,SSA,simulacion,m7,2020-06-20
2020-02-21,149,SSA,simulacion,m7,2020-06-20
2020-02-22,181,SSA,simulacion,m7,2020-06-20
2020-02-23,217,SSA,simulacion,m7,2020-06-20
2020-02-24,260,SSA,simulacion,m7,2020-06-20
2020-02-25,311,SSA,simulacion,m7,2020-06-20
2020-02-26,369,SSA,simulacion,m7,2020-06-20
2020-02-27,436,SSA,simulacion,m7,2020-06-20
2020-02-28,514,SSA,simulacion,m7,2020-06-20
2020-02-29,605,SSA,simulacion,m7,2020-06-20
2020-03-01,711,SSA,simulacion,m7,2020-06-20
2020-03-02,833,SSA,simulacion,m7,2020-06-20
2020-03-03,974,SSA,simulacion,m7,2020-06-20
2020-03-04,1138,SSA,simulacion,m7,2020-06-20
2020-03-05,1329,SSA,simulacion,m7,2020-06-20
2020-03-06,1549,SSA,simulacion,m7,2020-06-20
2020-03-07,1805,SSA,simulacion,m7,2020-06-20
2020-03-08,2102,SSA,simulacion,m7,2020-06-20
2020-03-09,2446,SSA,simulacion,m7,2020-06-20
2020-03-10,2845,SSA,simulacion,m7,2020-06-20
2020-03-11,3308,SSA,simulacion,m7,2020-06-20
2020-03-12,3844,SSA,simulacion,m7,2020-06-20
2020-03-13,4465,SSA,simulacion,m7,2020-06-20
2020-03-14,5168,SSA,simulacion,m7,2020-06-20
2020-03-15,5955,SSA,simulacion,m7,2020-06-20
2020-03-16,6831,SSA,simulacion,m7,2020-06-20
2020-03-17,7812,SSA,simulacion,m7,2020-06-20
2020-03-18,8914,SSA,simulacion,m7,2020-06-20
2020-03-19,10153,SSA,simulacion,m7,2020-06-20
2020-03-20,11548,SSA,simulacion,m7,2020-06-20
2020-03-21,13117,SSA,simulacion,m7,2020-06-20
2020-03-22,14879,SSA,simulacion,m7,2020-06-20
2020-03-23,16870,SSA,simulacion,m7,2020-06-20
2020-03-24,19103,SSA,simulacion,m7,2020-06-20
2020-03-25,21617,SSA,simulacion,m7,2020-06-20
2020-03-26,24446,SSA,simulacion,m7,2020-06-20
2020-03-27,27628,SSA,simulacion,m7,2020-06-20
2020-03-28,31210,SSA,simulacion,m7,2020-06-20
2020-03-29,35152,SSA,simulacion,m7,2020-06-20
2020-03-30,39270,SSA,simulacion,m7,2020-06-20
2020-03-31,43477,SSA,simulacion,m7,2020-06-20
2020-04-01,47858,SSA,simulacion,m7,2020-06-20
2020-04-02,52455,SSA,simulacion,m7,2020-06-20
2020-04-03,57281,SSA,simulacion,m7,2020-06-20
2020-04-04,62358,SSA,simulacion,m7,2020-06-20
2020-04-05,67708,SSA,simulacion,m7,2020-06-20
2020-04-06,73346,SSA,simulacion,m7,2020-06-20
2020-04-07,79292,SSA,simulacion,m7,2020-06-20
2020-04-08,85561,SSA,simulacion,m7,2020-06-20
2020-04-09,92173,SSA,simulacion,m7,2020-06-20
2020-04-10,99146,SSA,simulacion,m7,2020-06-20
2020-04-11,106497,SSA,simulacion,m7,2020-06-20
2020-04-12,114251,SSA,simulacion,m7,2020-06-20
2020-04-13,122428,SSA,simulacion,m7,2020-06-20
2020-04-14,131052,SSA,simulacion,m7,2020-06-20
2020-04-15,140147,SSA,simulacion,m7,2020-06-20
2020-04-16,149738,SSA,simulacion,m7,2020-06-20
2020-04-17,159853,SSA,simulacion,m7,2020-06-20
2020-04-18,170520,SSA,simulacion,m7,2020-06-20
2020-04-19,181769,SSA,simulacion,m7,2020-06-20
2020-04-20,193631,SSA,simulacion,m7,2020-06-20
2020-04-21,206140,SSA,simulacion,m7,2020-06-20
2020-04-22,219330,SSA,simulacion,m7,2020-06-20
2020-04-23,233239,SSA,simulacion,m7,2020-06-20
2020-04-24,247905,SSA,simulacion,m7,2020-06-20
2020-04-25,263369,SSA,simulacion,m7,2020-06-20
2020-04-26,279674,SSA,simulacion,m7,2020-06-20
2020-04-27,296866,SSA,simulacion,m7,2020-06-20
2020-04-28,314992,SSA,simulacion,m7,2020-06-20
2020-04-29,334103,SSA,simulacion,m7,2020-06-20
2020-04-30,354250,SSA,simulacion,m7,2020-06-20
2020-05-01,375491,SSA,simulacion,m7,2020-06-20
2020-05-02,397883,SSA,simulacion,m7,2020-06-20
2020-02-17,83,SSA,simulacion,m8,2020-06-20
2020-02-18,87,SSA,simulacion,m8,2020-06-20
2020-02-19,100,SSA,simulacion,m8,2020-06-20
2020-02-20,119,SSA,simulacion,m8,2020-06-20
2020-02-21,142,SSA,simulacion,m8,2020-06-20
2020-02-22,171,SSA,simulacion,m8,2020-06-20
2020-02-23,204,SSA,simulacion,m8,2020-06-20
2020-02-24,243,SSA,simulacion,m8,2020-06-20
2020-02-25,289,SSA,simulacion,m8,2020-06-20
2020-02-26,341,SSA,simulacion,m8,2020-06-20
2020-02-27,402,SSA,simulacion,m8,2020-06-20
2020-02-28,473,SSA,simulacion,m8,2020-06-20
2020-02-29,554,SSA,simulacion,m8,2020-06-20
2020-03-01,648,SSA,simulacion,m8,2020-06-20
2020-03-02,757,SSA,simulacion,m8,2020-06-20
2020-03-03,883,SSA,simulacion,m8,2020-06-20
2020-03-04,1029,SSA,simulacion,m8,2020-06-20
2020-03-05,1198,SSA,simulacion,m8,2020-06-20
2020-03-06,1392,SSA,simulacion,m8,2020-06-20
2020-03-07,1618,SSA,simulacion,m8,2020-06-20
2020-03-08,1878,SSA,simulacion,m8,2020-06-20
2020-03-09,2180,SSA,simulacion,m8,2020-06-20
2020-03-10,2528,SSA,simulacion,m8,2020-06-20
2020-03-11,2931,SSA,simulacion,m8,2020-06-20
2020-03-12,3397,SSA,simulacion,m8,2020-06-20
2020-03-13,3936,SSA,simulacion,m8,2020-06-20
2020-03-14,4555,SSA,simulacion,m8,2020-06-20
2020-03-15,5258,SSA,simulacion,m8,2020-06-20
2020-03-16,6055,SSA,simulacion,m8,2020-06-20
2020-03-17,6961,SSA,simulacion,m8,2020-06-20
2020-03-18,7992,SSA,simulacion,m8,2020-06-20
2020-03-19,9166,SSA,simulacion,m8,2020-06-20
2020-03-20,10501,SSA,simulacion,m8,2020-06-20
2020-03-21,12025,SSA,simulacion,m8,2020-06-20
2020-03-22,13758,SSA,simulacion,m8,2020-06-20
2020-03-23,15731,SSA,simulacion,m8,2020-06-20
2020-03-24,17980,SSA,simulacion,m8,2020-06-20
2020-03-25,20541,SSA,simulacion,m8,2020-06-20
2020-03-26,23459,SSA,simulacion,m8,2020-06-20
2020-03-27,26782,SSA,simulacion,m8,2020-06-20
2020-03-28,30562,SSA,simulacion,m8,2020-06-20
2020-03-29,34692,SSA,simulacion,m8,2020-06-20
2020-03-30,38939,SSA,simulacion,m8,2020-06-20
2020-03-31,43274,SSA,simulacion,m8,2020-06-20
2020-04-01,47776,SSA,simulacion,m8,2020-06-20
2020-04-02,52468,SSA,simulacion,m8,2020-06-20
2020-04-03,57372,SSA,simulacion,m8,2020-06-20
2020-04-04,62509,SSA,simulacion,m8,2020-06-20
2020-04-05,67897,SSA,simulacion,m8,2020-06-20
2020-04-06,73550,SSA,simulacion,m8,2020-06-20
2020-04-07,79484,SSA,simulacion,m8,2020-06-20
2020-04-08,85714,SSA,simulacion,m8,2020-06-20
2020-04-09,92256,SSA,simulacion,m8,2020-06-20
2020-04-10,99125,SSA,simulacion,m8,2020-06-20
2020-04-11,106339,SSA,simulacion,m8,2020-06-20
2020-04-12,113914,SSA,simulacion,m8,2020-06-20
2020-04-13,121870,SSA,simulacion,m8,2020-06-20
2020-04-14,130222,SSA,simulacion,m8,2020-06-20
2020-04-15,138993,SSA,simulacion,m8,2020-06-20
2020-04-16,148204,SSA,simulacion,m8,2020-06-20
2020-04-17,157877,SSA,simulacion,m8,2020-06-20
2020-04-18,168034,SSA,simulacion,m8,2020-06-20
2020-04-19,178699,SSA,simulacion,m8,2020-06-20
2020-04-20,189898,SSA,simulacion,m8,2020-06-20
2020-04-21,201658,SSA,simulacion,m8,2020-06-20
2020-04-22,214007,SSA,simulacion,m8,2020-06-20
2020-04-23,226972,SSA,simulacion,m8,2020-06-20
2020-04-24,240586,SSA,simulacion,m8,2020-06-20
2020-04-25,254880,SSA,simulacion,m8,2020-06-20
2020-04-26,269888,SSA,simulacion,m8,2020-06-20
2020-04-27,285645,SSA,simulacion,m8,2020-06-20
2020-04-28,302189,SSA,simulacion,m8,2020-06-20
2020-04-29,319558,SSA,simulacion,m8,2020-06-20
2020-04-30,337792,SSA,simulacion,m8,2020-06-20
2020-05-01,356935,SSA,simulacion,m8,2020-06-20
2020-05-02,377031,SSA,simulacion,m8,2020-06-20
2020-02-17,83,SSA,simulacion,m9,2020-06-20
2020-02-18,87,SSA,simulacion,m9,2020-06-20
2020-02-19,99,SSA,simulacion,m9,2020-06-20
2020-02-20,117,SSA,simulacion,m9,2020-06-20
2020-02-21,140,SSA,simulacion,m9,2020-06-20
2020-02-22,167,SSA,simulacion,m9,2020-06-20
2020-02-23,200,SSA,simulacion,m9,2020-06-20
2020-02-24,238,SSA,simulacion,m9,2020-06-20
2020-02-25,283,SSA,simulacion,m9,2020-06-20
2020-02-26,335,SSA,simulacion,m9,2020-06-20
2020-02-27,395,SSA,simulacion,m9,2020-06-20
2020-02-28,466,SSA,simulacion,m9,2020-06-20
2020-02-29,547,SSA,simulacion,m9,2020-06-20
2020-03-01,642,SSA,simulacion,m9,2020-06-20
2020-03-02,752,SSA,simulacion,m9,2020-06-20
2020-03-03,880,SSA,simulacion,m9,2020-06-20
2020-03-04,1028,SSA,simulacion,m9,2020-06-20
2020-03-05,1200,SSA,simulacion,m9,2020-06-20
2020-03-06,1400,SSA,simulacion,m9,2020-06-20
2020-03-07,1633,SSA,simulacion,m9,2020-06-20
2020-03-08,1902,SSA,simulacion,m9,2020-06-20
2020-03-09,2215,SSA,simulacion,m9,2020-06-20
2020-03-10,2578,SSA,simulacion,m9,2020-06-20
2020-03-11,3000,SSA,simulacion,m9,2020-06-20
2020-03-12,3490,SSA,simulacion,m9,2020-06-20
2020-03-13,4052,SSA,simulacion,m9,2020-06-20
2020-03-14,4691,SSA,simulacion,m9,2020-06-20
2020-03-15,5412,SSA,simulacion,m9,2020-06-20
2020-03-16,6228,SSA,simulacion,m9,2020-06-20
2020-03-17,7153,SSA,simulacion,m9,2020-06-20
2020-03-18,8204,SSA,simulacion,m9,2020-06-20
2020-03-19,9396,SSA,simulacion,m9,2020-06-20
2020-03-20,10751,SSA,simulacion,m9,2020-06-20
2020-03-21,12290,SSA,simulacion,m9,2020-06-20
2020-03-22,14037,SSA,simulacion,m9,2020-06-20
2020-03-23,16021,SSA,simulacion,m9,2020-06-20
2020-03-24,18276,SSA,simulacion,m9,2020-06-20
2020-03-25,20838,SSA,simulacion,m9,2020-06-20
2020-03-26,23748,SSA,simulacion,m9,2020-06-20
2020-03-27,27053,SSA,simulacion,m9,2020-06-20
2020-03-28,30788,SSA,simulacion,m9,2020-06-20
2020-03-29,34814,SSA,simulacion,m9,2020-06-20
2020-03-30,38947,SSA,simulacion,m9,2020-06-20
2020-03-31,43218,SSA,simulacion,m9,2020-06-20
2020-04-01,47678,SSA,simulacion,m9,2020-06-20
2020-04-02,52347,SSA,simulacion,m9,2020-06-20
2020-04-03,57245,SSA,simulacion,m9,2020-06-20
2020-04-04,62394,SSA,simulacion,m9,2020-06-20
2020-04-05,67811,SSA,simulacion,m9,2020-06-20
2020-04-06,73512,SSA,simulacion,m9,2020-06-20
2020-04-07,79513,SSA,simulacion,m9,2020-06-20
2020-04-08,85834,SSA,simulacion,m9,2020-06-20
2020-04-09,92489,SSA,simulacion,m9,2020-06-20
2020-04-10,99499,SSA,simulacion,m9,2020-06-20
2020-04-11,106881,SSA,simulacion,m9,2020-06-20
2020-04-12,114656,SSA,simulacion,m9,2020-06-20
2020-04-13,122843,SSA,simulacion,m9,2020-06-20
2020-04-14,131465,SSA,simulacion,m9,2020-06-20
2020-04-15,140546,SSA,simulacion,m9,2020-06-20
2020-04-16,150110,SSA,simulacion,m9,2020-06-20
2020-04-17,160183,SSA,simulacion,m9,2020-06-20
2020-04-18,170790,SSA,simulacion,m9,2020-06-20
2020-04-19,181962,SSA,simulacion,m9,2020-06-20
2020-04-20,193726,SSA,simulacion,m9,2020-06-20
2020-04-21,206116,SSA,simulacion,m9,2020-06-20
2020-04-22,219163,SSA,simulacion,m9,2020-06-20
2020-04-23,232903,SSA,simulacion,m9,2020-06-20
2020-04-24,247371,SSA,simulacion,m9,2020-06-20
2020-04-25,262607,SSA,simulacion,m9,2020-06-20
2020-04-26,278650,SSA,simulacion,m9,2020-06-20
2020-04-27,295543,SSA,simulacion,m9,2020-06-20
2020-04-28,313330,SSA,simulacion,m9,2020-06-20
2020-04-29,332059,SSA,simulacion,m9,2020-06-20
2020-04-30,351779,SSA,simulacion,m9,2020-06-20
2020-05-01,372542,SSA,simulacion,m9,2020-06-20
2020-05-02,394401,SSA,simulacion,m9,2020-06-20
